YEAR,QUARTER,MONTH,AIRLINE_ID,CARRIER_NAME,CARRIER_GROUP_NEW,SALA_GALLONS,SDOM_GALLONS,SDOMT_GALLONS,NALA_GALLONS,NDOM_GALLONS,NDOMT_GALLONS,TDOMT_GALLONS,SALA_COST,SDOM_COST,SDOMT_COST,NALA_COST,NDOM_COST,NDOMT_COST,TDOMT_COST
2020,1,1,19393,Southwest Airlines Co.,3,0.00,161053094.00,161053094.00,0.00,63509.00,63509.00,161116603.00,0.00,323308086.00,323308086.00,0.00,133801.00,133801.00,323441887.00
2020,1,1,19687,Horizon Air,2,0.00,0.00,0.00,0.00,0.00,0.00,0.00,0.00,0.00,0.00,0.00,0.00,0.00,0.00
2020,1,1,19690,Hawaiian Airlines Inc.,3,0.00,15917310.00,15917310.00,0.00,52227.00,52227.00,15969537.00,0.00,31411784.00,31411784.00,0.00,107364.00,107364.00,31519148.00
2020,1,1,19790,Delta Air Lines Inc.,3,0.00,178006347.00,178006347.00,0.00,2021946.00,2021946.00,180028293.00,0.00,340794016.00,340794016.00,0.00,4538778.00,4538778.00,345332794.00
2020,1,1,19805,American Airlines Inc.,3,0.00,183787875.00,183787875.00,0.00,380922.00,380922.00,184168797.00,0.00,349253485.00,349253485.00,0.00,708241.00,708241.00,349961726.00
2020,1,1,19874,Air Transport International,2,0.00,0.00,0.00,0.00,35903.00,35903.00,35903.00,0.00,0.00,0.00,0.00,86508.00,86508.00,86508.00
2020,1,1,19917,United Parcel Service,3,0.00,46721000.00,46721000.00,0.00,0.00,0.00,46721000.00,0.00,90979000.00,90979000.00,0.00,0.00,0.00,90979000.00
2020,1,1,19930,Alaska Airlines Inc.,3,1676350.00,55929068.00,57605418.00,125399.00,79860.00,205259.00,57810677.00,3289046.00,125900915.00,129189961.00,246036.00,160179.00,406215.00,129596176.00
2020,1,1,19977,United Air Lines Inc.,3,0.00,133344018.00,133344018.00,0.00,1066327.00,1066327.00,134410345.00,0.00,262623470.00,262623470.00,0.00,2108697.00,2108697.00,264732167.00
2020,1,1,20007,Atlas Air Inc.,3,0.00,0.00,0.00,0.00,13871264.00,13871264.00,13871264.00,0.00,0.00,0.00,0.00,30708154.00,30708154.00,30708154.00
2020,1,1,20046,Air Wisconsin Airlines Corp,2,0.00,0.00,0.00,0.00,0.00,0.00,0.00,0.00,0.00,0.00,0.00,0.00,0.00,0.00
2020,1,1,20100,Polar Air Cargo Airways,3,0.00,2222617.00,2222617.00,0.00,0.00,0.00,2222617.00,0.00,4381062.00,4381062.00,0.00,0.00,0.00,4381062.00
2020,1,1,20107,Federal Express Corporation,3,0.00,56221302.00,56221302.00,492.00,1423437.00,1423929.00,57645231.00,0.00,109113000.00,109113000.00,977.00,2836000.00,2836977.00,111949977.00
2020,1,1,20108,Northern Air Cargo Inc.,1,0.00,363383.00,363383.00,0.00,0.00,0.00,363383.00,0.00,709214.00,709214.00,0.00,0.00,0.00,709214.00
2020,1,1,20151,Amerijet International,2,0.00,0.00,0.00,0.00,887493.00,887493.00,887493.00,0.00,0.00,0.00,0.00,1873791.00,1873791.00,1873791.00
2020,1,1,20166,Gulf And Caribbean Cargo,1,0.00,0.00,0.00,0.00,103933.00,103933.00,103933.00,0.00,0.00,0.00,0.00,280000.00,280000.00,280000.00
2020,1,1,20169,Lynden Air Cargo Airlines,2,128242.00,0.00,128242.00,103026.00,34562.00,137588.00,265830.00,289575.00,0.00,289575.00,272197.00,79349.00,351546.00,641121.00
2020,1,1,20177,Asia Pacific,1,0.00,0.00,0.00,0.00,0.00,0.00,0.00,0.00,0.00,0.00,0.00,0.00,0.00,0.00
2020,1,1,20190,Southern Air Inc.,2,0.00,1842484.00,1842484.00,0.00,0.00,0.00,1842484.00,0.00,3979796.00,3979796.00,0.00,0.00,0.00,3979796.00
2020,1,1,20195,Sky Lease Cargo,2,0.00,0.00,0.00,0.00,0.00,0.00,0.00,0.00,0.00,0.00,0.00,0.00,0.00,0.00
2020,1,1,20304,SkyWest Airlines Inc.,3,0.00,8238022.00,8238022.00,0.00,0.00,0.00,8238022.00,0.00,19840048.00,19840048.00,0.00,0.00,0.00,19840048.00
2020,1,1,20310,"Caribbean Sun Airlines, Inc. d/b/a World Atlantic Airlines",1,0.00,0.00,0.00,0.00,42582.00,42582.00,42582.00,0.00,0.00,0.00,0.00,97654.00,97654.00,97654.00
2020,1,1,20363,Endeavor Air Inc.,2,0.00,0.00,0.00,0.00,0.00,0.00,0.00,0.00,0.00,0.00,0.00,0.00,0.00,0.00
2020,1,1,20366,ExpressJet Airlines LLC,2,0.00,0.00,0.00,0.00,0.00,0.00,0.00,0.00,0.00,0.00,0.00,0.00,0.00,0.00
2020,1,1,20368,Allegiant Air,3,0.00,14063269.00,14063269.00,0.00,470187.00,470187.00,14533456.00,0.00,30876057.00,30876057.00,0.00,1095638.00,1095638.00,31971695.00
2020,1,1,20370,Kalitta Air LLC,3,0.00,0.00,0.00,0.00,2422709.00,2422709.00,2422709.00,0.00,0.00,0.00,0.00,4989116.00,4989116.00,4989116.00
2020,1,1,20372,Kalitta Charters II,1,0.00,0.00,0.00,0.00,46434.00,46434.00,46434.00,0.00,0.00,0.00,0.00,123231.00,123231.00,123231.00
2020,1,1,20377,Omni Air International LLC,2,0.00,0.00,0.00,0.00,649713.00,649713.00,649713.00,0.00,0.00,0.00,0.00,1706798.00,1706798.00,1706798.00
2020,1,1,20378,Mesa Airlines Inc.,2,0.00,0.00,0.00,0.00,0.00,0.00,0.00,0.00,0.00,0.00,0.00,0.00,0.00,0.00
2020,1,1,20397,PSA Airlines Inc.,2,0.00,0.00,0.00,0.00,0.00,0.00,0.00,0.00,0.00,0.00,0.00,0.00,0.00,0.00
2020,1,1,20398,Envoy Air,3,0.00,0.00,0.00,0.00,0.00,0.00,0.00,0.00,0.00,0.00,0.00,0.00,0.00,0.00
2020,1,1,20401,Silver Airways,1,,320067.00,320067.00,0.00,0.00,0.00,320067.00,0.00,648866.00,648866.00,0.00,0.00,0.00,648866.00
2020,1,1,20402,Miami Air International,2,0.00,0.00,0.00,0.00,267291.00,267291.00,267291.00,0.00,0.00,0.00,0.00,728168.00,728168.00,728168.00
2020,1,1,20405,National Air Cargo Group Inc d/ba National Airlines,2,0.00,0.00,0.00,0.00,3474.00,3474.00,3474.00,0.00,0.00,0.00,0.00,11231.00,11231.00,11231.00
2020,1,1,20408,Tatonduk Outfitters Limited d/b/a Everts Air Alaska and Everts Air Cargo,1,258782.00,0.00,258782.00,33761.00,8949.00,42710.00,301492.00,681255.00,0.00,681255.00,88877.00,23559.00,112436.00,793691.00
2020,1,1,20409,JetBlue Airways,3,0.00,57922947.00,57922947.00,0.00,0.00,0.00,57922947.00,0.00,122393395.00,122393395.00,0.00,0.00,0.00,122393395.00
2020,1,1,20416,Spirit Air Lines,3,0.00,35604732.00,35604732.00,0.00,0.00,0.00,35604732.00,0.00,76233000.00,76233000.00,0.00,0.00,0.00,76233000.00
2020,1,1,20422,Sun Country Airlines d/b/a MN Airlines,2,0.00,3828515.00,3828515.00,0.00,821900.00,821900.00,4650415.00,0.00,5721978.00,5721978.00,0.00,1047261.00,1047261.00,6769239.00
2020,1,1,20436,Frontier Airlines Inc.,3,0.00,24322291.00,24322291.00,0.00,0.00,0.00,24322291.00,0.00,46847127.00,46847127.00,0.00,0.00,0.00,46847127.00
2020,1,1,20447,USA Jet Airlines Inc.,2,0.00,0.00,0.00,0.00,185322.00,185322.00,185322.00,0.00,0.00,0.00,0.00,365826.00,365826.00,365826.00
2020,1,1,20452,Republic Airline,3,0.00,12582.00,12582.00,0.00,0.00,0.00,12582.00,0.00,27315.00,27315.00,0.00,0.00,0.00,27315.00
2020,1,1,20453,ABX Air Inc,2,0.00,162371.00,162371.00,0.00,0.00,0.00,162371.00,0.00,0.00,0.00,0.00,0.00,0.00,0.00
2020,1,1,20500,GoJet Airlines LLC d/b/a United Express,2,0.00,0.00,0.00,0.00,0.00,0.00,0.00,0.00,0.00,0.00,0.00,0.00,0.00,0.00
2020,1,1,21161,"Swift Air, LLC d/b/a Eastern Air Lines d/b/a Eastern",2,0.00,0.00,0.00,0.00,1695771.00,1695771.00,1695771.00,0.00,0.00,0.00,0.00,3319919.00,3319919.00,3319919.00
2020,1,1,21167,Compass Airlines,2,0.00,0.00,0.00,0.00,0.00,0.00,0.00,0.00,0.00,0.00,0.00,0.00,0.00,0.00
2020,1,1,21352,Avjet Corporation,1,0.00,0.00,0.00,0.00,0.00,0.00,0.00,0.00,0.00,0.00,0.00,0.00,0.00,0.00
2020,1,1,21492,"Eastern Airlines f/k/a Dynamic Airways, LLC",1,0.00,0.00,0.00,0.00,52955.00,52955.00,52955.00,0.00,0.00,0.00,0.00,171045.00,171045.00,171045.00
2020,1,1,21629,Western Global,2,0.00,0.00,0.00,138392.00,444579.00,582971.00,582971.00,0.00,0.00,0.00,290573.00,1049443.00,1340016.00,1340016.00
2020,1,1,21634,Aloha Air Cargo,2,0.00,363383.00,363383.00,0.00,0.00,0.00,363383.00,0.00,709214.00,709214.00,0.00,0.00,0.00,709214.00
2020,1,1,21652,"Jet Aviation Flight Services, Inc.",1,0.00,0.00,0.00,0.00,0.00,0.00,0.00,0.00,0.00,0.00,0.00,0.00,0.00,0.00
2020,1,1,21712,Elite Airways LLC,2,0.00,38748.00,38748.00,0.00,153653.00,153653.00,192401.00,0.00,109038.00,109038.00,0.00,675730.00,675730.00,784768.00
2020,1,1,21974,"Scott Aviation, LLC  d/b/a  Silver Air",1,0.00,0.00,0.00,0.00,0.00,0.00,0.00,0.00,0.00,0.00,0.00,0.00,0.00,0.00
2020,1,2,19393,Southwest Airlines Co.,3,0.00,150485066.00,150485066.00,0.00,53115.00,53115.00,150538181.00,0.00,276788269.00,276788269.00,0.00,97475.00,97475.00,276885744.00
2020,1,2,19687,Horizon Air,2,0.00,0.00,0.00,0.00,0.00,0.00,0.00,0.00,0.00,0.00,0.00,0.00,0.00,0.00
2020,1,2,19690,Hawaiian Airlines Inc.,3,0.00,14964903.00,14964903.00,0.00,0.00,0.00,14964903.00,0.00,25296269.00,25296269.00,0.00,0.00,0.00,25296269.00
2020,1,2,19790,Delta Air Lines Inc.,3,0.00,166585709.00,166585709.00,0.00,1536928.00,1536928.00,168122637.00,0.00,320062266.00,320062266.00,0.00,2952911.00,2952911.00,323015177.00
2020,1,2,19805,American Airlines Inc.,3,0.00,173317196.00,173317196.00,0.00,258730.00,258730.00,173575926.00,0.00,295333134.00,295333134.00,0.00,433162.00,433162.00,295766296.00
2020,1,2,19874,Air Transport International,2,0.00,0.00,0.00,0.00,33535.00,33535.00,33535.00,0.00,0.00,0.00,0.00,82438.00,82438.00,82438.00
2020,1,2,19917,United Parcel Service,3,0.00,41755000.00,41755000.00,0.00,0.00,0.00,41755000.00,0.00,69289000.00,69289000.00,0.00,0.00,0.00,69289000.00
2020,1,2,19930,Alaska Airlines Inc.,3,1570066.00,51474544.00,53044610.00,111037.00,47329.00,158366.00,53202976.00,2744971.00,100415394.00,103160365.00,194128.00,81787.00,275915.00,103436280.00
2020,1,2,19977,United Air Lines Inc.,3,0.00,127749152.00,127749152.00,0.00,916737.00,916737.00,128665889.00,0.00,221658513.00,221658513.00,0.00,1596388.00,1596388.00,223254901.00
2020,1,2,20007,Atlas Air Inc.,3,0.00,0.00,0.00,0.00,12530584.00,12530584.00,12530584.00,0.00,0.00,0.00,0.00,25467156.00,25467156.00,25467156.00
2020,1,2,20046,Air Wisconsin Airlines Corp,2,0.00,0.00,0.00,0.00,0.00,0.00,0.00,0.00,0.00,0.00,0.00,0.00,0.00,0.00
2020,1,2,20100,Polar Air Cargo Airways,3,0.00,1225965.00,1225965.00,0.00,0.00,0.00,1225965.00,0.00,2028122.00,2028122.00,0.00,0.00,0.00,2028122.00
2020,1,2,20107,Federal Express Corporation,3,0.00,52506447.00,52506447.00,9505.00,1340544.00,1350049.00,53856496.00,0.00,86009000.00,86009000.00,15000.00,2257000.00,2272000.00,88281000.00
2020,1,2,20108,Northern Air Cargo Inc.,1,308571.00,0.00,308571.00,38736.00,0.00,38736.00,347307.00,563296.00,0.00,563296.00,67129.00,0.00,67129.00,630425.00
2020,1,2,20151,Amerijet International,2,0.00,0.00,0.00,0.00,1023254.00,1023254.00,1023254.00,0.00,0.00,0.00,0.00,1949296.00,1949296.00,1949296.00
2020,1,2,20166,Gulf And Caribbean Cargo,1,0.00,0.00,0.00,0.00,136424.00,136424.00,136424.00,0.00,0.00,0.00,0.00,342451.00,342451.00,342451.00
2020,1,2,20169,Lynden Air Cargo Airlines,2,122302.00,0.00,122302.00,41543.00,52094.00,93637.00,215939.00,247710.00,0.00,247710.00,81977.00,131369.00,213346.00,461056.00
2020,1,2,20177,Asia Pacific,1,0.00,0.00,0.00,0.00,0.00,0.00,0.00,0.00,0.00,0.00,0.00,0.00,0.00,0.00
2020,1,2,20190,Southern Air Inc.,2,0.00,1382388.00,1382388.00,0.00,0.00,0.00,1382388.00,0.00,2696034.00,2696034.00,0.00,0.00,0.00,2696034.00
2020,1,2,20195,Sky Lease Cargo,2,0.00,0.00,0.00,0.00,0.00,0.00,0.00,0.00,0.00,0.00,0.00,0.00,0.00,0.00
2020,1,2,20304,SkyWest Airlines Inc.,3,0.00,7552852.00,7552852.00,0.00,0.00,0.00,7552852.00,0.00,16330356.00,16330356.00,0.00,0.00,0.00,16330356.00
2020,1,2,20310,"Caribbean Sun Airlines, Inc. d/b/a World Atlantic Airlines",1,0.00,0.00,0.00,0.00,13821.00,13821.00,13821.00,0.00,0.00,0.00,0.00,22736.00,22736.00,22736.00
2020,1,2,20363,Endeavor Air Inc.,2,0.00,0.00,0.00,0.00,0.00,0.00,0.00,0.00,0.00,0.00,0.00,0.00,0.00,0.00
2020,1,2,20366,ExpressJet Airlines LLC,2,0.00,0.00,0.00,0.00,0.00,0.00,0.00,0.00,0.00,0.00,0.00,0.00,0.00,0.00
2020,1,2,20368,Allegiant Air,3,0.00,16155275.00,16155275.00,0.00,361982.00,361982.00,16517257.00,0.00,30238087.00,30238087.00,0.00,754046.00,754046.00,30992133.00
2020,1,2,20370,Kalitta Air LLC,3,0.00,0.00,0.00,0.00,2566436.00,2566436.00,2566436.00,0.00,0.00,0.00,0.00,4849834.00,4849834.00,4849834.00
2020,1,2,20372,Kalitta Charters II,1,0.00,0.00,0.00,0.00,50140.00,50140.00,50140.00,0.00,0.00,0.00,0.00,130792.00,130792.00,130792.00
2020,1,2,20377,Omni Air International LLC,2,0.00,0.00,0.00,0.00,646529.00,646529.00,646529.00,0.00,0.00,0.00,0.00,1503799.00,1503799.00,1503799.00
2020,1,2,20378,Mesa Airlines Inc.,2,0.00,0.00,0.00,0.00,0.00,0.00,0.00,0.00,0.00,0.00,0.00,0.00,0.00,0.00
2020,1,2,20397,PSA Airlines Inc.,2,0.00,0.00,0.00,0.00,0.00,0.00,0.00,0.00,0.00,0.00,0.00,0.00,0.00,0.00
2020,1,2,20398,Envoy Air,3,0.00,0.00,0.00,0.00,0.00,0.00,0.00,0.00,0.00,0.00,0.00,0.00,0.00,0.00
2020,1,2,20401,Silver Airways,1,0.00,319576.00,319576.00,0.00,0.00,0.00,319576.00,0.00,549180.00,549180.00,0.00,0.00,0.00,549180.00
2020,1,2,20402,Miami Air International,2,0.00,0.00,0.00,0.00,394518.00,394518.00,394518.00,0.00,0.00,0.00,0.00,1001350.00,1001350.00,1001350.00
2020,1,2,20405,National Air Cargo Group Inc d/ba National Airlines,2,0.00,0.00,0.00,0.00,10555.00,10555.00,10555.00,0.00,0.00,0.00,0.00,32307.00,32307.00,32307.00
2020,1,2,20408,Tatonduk Outfitters Limited d/b/a Everts Air Alaska and Everts Air Cargo,1,219470.00,0.00,219470.00,10066.00,12293.00,22359.00,241829.00,543977.00,0.00,543977.00,24950.00,30469.00,55419.00,599396.00
2020,1,2,20409,JetBlue Airways,3,0.00,55488195.00,55488195.00,0.00,2925.00,2925.00,55491120.00,0.00,101200542.00,101200542.00,0.00,6962.00,6962.00,101207504.00
2020,1,2,20416,Spirit Air Lines,3,0.00,35575467.00,35575467.00,0.00,0.00,0.00,35575467.00,0.00,64738653.00,64738653.00,0.00,0.00,0.00,64738653.00
2020,1,2,20422,Sun Country Airlines d/b/a MN Airlines,2,0.00,3935331.00,3935331.00,0.00,582317.00,582317.00,4517648.00,0.00,7127160.00,7127160.00,0.00,874779.00,874779.00,8001939.00
2020,1,2,20436,Frontier Airlines Inc.,3,0.00,23706746.00,23706746.00,0.00,0.00,0.00,23706746.00,0.00,38601344.00,38601344.00,0.00,0.00,0.00,38601344.00
2020,1,2,20447,USA Jet Airlines Inc.,2,0.00,0.00,0.00,0.00,336401.00,336401.00,336401.00,0.00,0.00,0.00,0.00,568000.00,568000.00,568000.00
2020,1,2,20452,Republic Airline,3,0.00,9487.00,9487.00,0.00,0.00,0.00,9487.00,0.00,18212.00,18212.00,0.00,0.00,0.00,18212.00
2020,1,2,20453,ABX Air Inc,2,0.00,119683.00,119683.00,0.00,0.00,0.00,119683.00,0.00,0.00,0.00,0.00,0.00,0.00,0.00
2020,1,2,20500,GoJet Airlines LLC d/b/a United Express,2,0.00,0.00,0.00,0.00,0.00,0.00,0.00,0.00,0.00,0.00,0.00,0.00,0.00,0.00
2020,1,2,21161,"Swift Air, LLC d/b/a Eastern Air Lines d/b/a Eastern",2,0.00,0.00,0.00,0.00,1596805.00,1596805.00,1596805.00,0.00,0.00,0.00,0.00,1407316.00,1407316.00,1407316.00
2020,1,2,21167,Compass Airlines,2,0.00,0.00,0.00,0.00,0.00,0.00,0.00,0.00,0.00,0.00,0.00,0.00,0.00,0.00
2020,1,2,21352,Avjet Corporation,1,0.00,0.00,0.00,0.00,0.00,0.00,0.00,0.00,0.00,0.00,0.00,0.00,0.00,0.00
2020,1,2,21492,"Eastern Airlines f/k/a Dynamic Airways, LLC",1,0.00,0.00,0.00,0.00,3038.00,3038.00,3038.00,0.00,0.00,0.00,0.00,7868.00,7868.00,7868.00
2020,1,2,21629,Western Global,2,0.00,0.00,0.00,205270.00,516003.00,721273.00,721273.00,0.00,0.00,0.00,358002.00,1137145.00,1495147.00,1495147.00
2020,1,2,21634,Aloha Air Cargo,2,0.00,319366.00,319366.00,0.00,0.00,0.00,319366.00,0.00,526236.00,526236.00,0.00,0.00,0.00,526236.00
2020,1,2,21652,"Jet Aviation Flight Services, Inc.",1,0.00,0.00,0.00,0.00,0.00,0.00,0.00,0.00,0.00,0.00,0.00,0.00,0.00,0.00
2020,1,2,21712,Elite Airways LLC,2,0.00,34883.00,34883.00,0.00,178179.00,178179.00,213062.00,0.00,87606.00,87606.00,0.00,709656.00,709656.00,797262.00
2020,1,2,21974,"Scott Aviation, LLC  d/b/a  Silver Air",1,0.00,0.00,0.00,0.00,0.00,0.00,0.00,0.00,0.00,0.00,0.00,0.00,0.00,0.00
2020,1,3,19393,Southwest Airlines Co.,3,0.00,141125506.00,141125506.00,0.00,65736.00,65736.00,141191242.00,0.00,218869465.00,218869465.00,0.00,98445.00,98445.00,218967910.00
2020,1,3,19687,Horizon Air,2,0.00,0.00,0.00,0.00,0.00,0.00,0.00,0.00,0.00,0.00,0.00,0.00,0.00,0.00
2020,1,3,19690,Hawaiian Airlines Inc.,3,0.00,13350682.00,13350682.00,0.00,0.00,0.00,13350682.00,0.00,17944901.00,17944901.00,0.00,0.00,0.00,17944901.00
2020,1,3,19790,Delta Air Lines Inc.,3,0.00,144011185.00,144011185.00,0.00,844810.00,844810.00,144855995.00,0.00,232316620.00,232316620.00,0.00,1362835.00,1362835.00,233679455.00
2020,1,3,19805,American Airlines Inc.,3,0.00,150790088.00,150790088.00,0.00,1045542.00,1045542.00,151835630.00,0.00,205296570.00,205296570.00,0.00,1345317.00,1345317.00,206641887.00
2020,1,3,19874,Air Transport International,2,0.00,0.00,0.00,0.00,36901.00,36901.00,36901.00,0.00,0.00,0.00,0.00,92185.00,92185.00,92185.00
2020,1,3,19917,United Parcel Service,3,0.00,46260000.00,46260000.00,0.00,0.00,0.00,46260000.00,0.00,55376000.00,55376000.00,0.00,0.00,0.00,55376000.00
2020,1,3,19930,Alaska Airlines Inc.,3,1552544.00,46545589.00,48098133.00,102769.00,20984.00,123753.00,48221886.00,2162581.00,72851508.00,75014089.00,143150.00,29336.00,172486.00,75186575.00
2020,1,3,19977,United Air Lines Inc.,3,0.00,112816005.00,112816005.00,0.00,923250.00,923250.00,113739255.00,0.00,162190471.00,162190471.00,0.00,1321597.00,1321597.00,163512068.00
2020,1,3,20007,Atlas Air Inc.,3,0.00,0.00,0.00,0.00,16673110.00,16673110.00,16673110.00,0.00,0.00,0.00,0.00,27821091.00,27821091.00,27821091.00
2020,1,3,20046,Air Wisconsin Airlines Corp,2,0.00,0.00,0.00,0.00,0.00,0.00,0.00,0.00,0.00,0.00,0.00,0.00,0.00,0.00
2020,1,3,20100,Polar Air Cargo Airways,3,0.00,2148758.00,2148758.00,0.00,0.00,0.00,2148758.00,0.00,3554705.00,3554705.00,0.00,0.00,0.00,3554705.00
2020,1,3,20107,Federal Express Corporation,3,0.00,55088310.00,55088310.00,3983.00,1362346.00,1366329.00,56454639.00,0.00,64977000.00,64977000.00,4000.00,1675000.00,1679000.00,66656000.00
2020,1,3,20108,Northern Air Cargo Inc.,1,376186.00,0.00,376186.00,41244.00,0.00,41244.00,417430.00,515967.00,0.00,515967.00,55640.00,0.00,55640.00,571607.00
2020,1,3,20151,Amerijet International,2,0.00,0.00,0.00,0.00,1089627.00,1089627.00,1089627.00,0.00,0.00,0.00,0.00,1580704.00,1580704.00,1580704.00
2020,1,3,20166,Gulf And Caribbean Cargo,1,0.00,0.00,0.00,0.00,194446.00,194446.00,194446.00,0.00,0.00,0.00,0.00,260698.00,260698.00,260698.00
2020,1,3,20169,Lynden Air Cargo Airlines,2,136053.00,0.00,136053.00,130532.00,18610.00,149142.00,285195.00,211326.00,0.00,211326.00,213671.00,35447.00,249118.00,460444.00
2020,1,3,20177,Asia Pacific,1,0.00,0.00,0.00,0.00,0.00,0.00,0.00,0.00,0.00,0.00,0.00,0.00,0.00,0.00
2020,1,3,20190,Southern Air Inc.,2,0.00,1997990.00,1997990.00,0.00,0.00,0.00,1997990.00,0.00,3096693.00,3096693.00,0.00,0.00,0.00,3096693.00
2020,1,3,20195,Sky Lease Cargo,2,0.00,0.00,0.00,0.00,0.00,0.00,0.00,0.00,0.00,0.00,0.00,0.00,0.00,0.00
2020,1,3,20304,SkyWest Airlines Inc.,3,0.00,7562807.00,7562807.00,0.00,0.00,0.00,7562807.00,0.00,13439308.00,13439308.00,0.00,0.00,0.00,13439308.00
2020,1,3,20310,"Caribbean Sun Airlines, Inc. d/b/a World Atlantic Airlines",1,0.00,0.00,0.00,0.00,21671.00,21671.00,21671.00,0.00,0.00,0.00,0.00,46247.00,46247.00,46247.00
2020,1,3,20363,Endeavor Air Inc.,2,0.00,0.00,0.00,0.00,0.00,0.00,0.00,0.00,0.00,0.00,0.00,0.00,0.00,0.00
2020,1,3,20366,ExpressJet Airlines LLC,2,0.00,0.00,0.00,0.00,0.00,0.00,0.00,0.00,0.00,0.00,0.00,0.00,0.00,0.00
2020,1,3,20368,Allegiant Air,3,0.00,15886500.00,15886500.00,0.00,240763.00,240763.00,16127263.00,0.00,25322905.00,25322905.00,0.00,392743.00,392743.00,25715648.00
2020,1,3,20370,Kalitta Air LLC,3,0.00,0.00,0.00,0.00,4562907.00,4562907.00,4562907.00,0.00,0.00,0.00,0.00,6282105.00,6282105.00,6282105.00
2020,1,3,20372,Kalitta Charters II,1,0.00,0.00,0.00,0.00,82360.00,82360.00,82360.00,0.00,0.00,0.00,0.00,180013.00,180013.00,180013.00
2020,1,3,20377,Omni Air International LLC,2,0.00,0.00,0.00,0.00,236468.00,236468.00,236468.00,0.00,0.00,0.00,0.00,465359.00,465359.00,465359.00
2020,1,3,20378,Mesa Airlines Inc.,2,0.00,0.00,0.00,0.00,0.00,0.00,0.00,0.00,0.00,0.00,0.00,0.00,0.00,0.00
2020,1,3,20397,PSA Airlines Inc.,2,0.00,0.00,0.00,0.00,0.00,0.00,0.00,0.00,0.00,0.00,0.00,0.00,0.00,0.00
2020,1,3,20398,Envoy Air,3,0.00,0.00,0.00,0.00,0.00,0.00,0.00,0.00,0.00,0.00,0.00,0.00,0.00,0.00
2020,1,3,20401,Silver Airways,1,0.00,379285.00,379285.00,0.00,0.00,0.00,379285.00,0.00,520018.00,520018.00,0.00,0.00,0.00,520018.00
2020,1,3,20402,Miami Air International,2,0.00,0.00,0.00,0.00,220695.00,220695.00,220695.00,0.00,0.00,0.00,0.00,566126.00,566126.00,566126.00
2020,1,3,20405,National Air Cargo Group Inc d/ba National Airlines,2,0.00,0.00,0.00,0.00,4416.00,4416.00,4416.00,0.00,0.00,0.00,0.00,14056.00,14056.00,14056.00
2020,1,3,20408,Tatonduk Outfitters Limited d/b/a Everts Air Alaska and Everts Air Cargo,1,312438.00,0.00,312438.00,43947.00,21702.00,65649.00,378087.00,580345.00,0.00,580345.00,81630.00,40311.00,121941.00,702286.00
2020,1,3,20409,JetBlue Airways,3,0.00,48171879.00,48171879.00,0.00,8149.00,8149.00,48180028.00,0.00,75397170.00,75397170.00,0.00,13033.00,13033.00,75410203.00
2020,1,3,20416,Spirit Air Lines,3,0.00,35577226.00,35577226.00,0.00,0.00,0.00,35577226.00,0.00,51603858.00,51603858.00,0.00,0.00,0.00,51603858.00
2020,1,3,20422,Sun Country Airlines d/b/a MN Airlines,2,0.00,3393777.00,3393777.00,0.00,509560.00,509560.00,3903337.00,0.00,5164755.00,5164755.00,0.00,678347.00,678347.00,5843102.00
2020,1,3,20436,Frontier Airlines Inc.,3,0.00,20187424.00,20187424.00,0.00,0.00,0.00,20187424.00,0.00,26722653.00,26722653.00,0.00,0.00,0.00,26722653.00
2020,1,3,20447,USA Jet Airlines Inc.,2,0.00,0.00,0.00,0.00,308786.00,308786.00,308786.00,0.00,0.00,0.00,0.00,410895.00,410895.00,410895.00
2020,1,3,20452,Republic Airline,3,0.00,30437.00,30437.00,0.00,0.00,0.00,30437.00,0.00,55005.00,55005.00,0.00,0.00,0.00,55005.00
2020,1,3,20453,ABX Air Inc,2,0.00,104356.00,104356.00,0.00,0.00,0.00,104356.00,0.00,0.00,0.00,0.00,0.00,0.00,0.00
2020,1,3,20500,GoJet Airlines LLC d/b/a United Express,2,0.00,0.00,0.00,0.00,0.00,0.00,0.00,0.00,0.00,0.00,0.00,0.00,0.00,0.00
2020,1,3,21161,"Swift Air, LLC d/b/a Eastern Air Lines d/b/a Eastern",2,0.00,0.00,0.00,0.00,1290255.00,1290255.00,1290255.00,0.00,0.00,0.00,0.00,2303299.00,2303299.00,2303299.00
2020,1,3,21167,Compass Airlines,2,0.00,0.00,0.00,0.00,0.00,0.00,0.00,0.00,0.00,0.00,0.00,0.00,0.00,0.00
2020,1,3,21352,Avjet Corporation,1,0.00,0.00,0.00,0.00,0.00,0.00,0.00,0.00,0.00,0.00,0.00,0.00,0.00,0.00
2020,1,3,21492,"Eastern Airlines f/k/a Dynamic Airways, LLC",1,0.00,0.00,0.00,0.00,6173.00,6173.00,6173.00,0.00,0.00,0.00,0.00,12345.00,12345.00,12345.00
2020,1,3,21629,Western Global,2,0.00,0.00,0.00,690292.00,908043.00,1598335.00,1598335.00,0.00,0.00,0.00,785918.00,1509262.00,2295180.00,2295180.00
2020,1,3,21634,Aloha Air Cargo,2,0.00,352302.00,352302.00,0.00,0.00,0.00,352302.00,0.00,447033.00,447033.00,0.00,0.00,0.00,447033.00
2020,1,3,21652,"Jet Aviation Flight Services, Inc.",1,0.00,0.00,0.00,0.00,0.00,0.00,0.00,0.00,0.00,0.00,0.00,0.00,0.00,0.00
2020,1,3,21712,Elite Airways LLC,2,0.00,17569.00,17569.00,0.00,73530.00,73530.00,91099.00,0.00,39075.00,39075.00,0.00,285211.00,285211.00,324286.00
2020,1,3,21974,"Scott Aviation, LLC  d/b/a  Silver Air",1,0.00,0.00,0.00,0.00,0.00,0.00,0.00,0.00,0.00,0.00,0.00,0.00,0.00,0.00
2020,2,4,19393,Southwest Airlines Co.,3,0.00,60576032.00,60576032.00,0.00,176777.00,176777.00,60752809.00,0.00,83355240.00,83355240.00,0.00,200660.00,200660.00,83555900.00
2020,2,4,19687,Horizon Air,2,0.00,0.00,0.00,0.00,0.00,0.00,0.00,0.00,0.00,0.00,0.00,0.00,0.00,0.00
2020,2,4,19690,Hawaiian Airlines Inc.,3,0.00,1551841.00,1551841.00,0.00,0.00,0.00,1551841.00,0.00,1230741.00,1230741.00,0.00,0.00,0.00,1230741.00
2020,2,4,19790,Delta Air Lines Inc.,3,0.00,33040522.00,33040522.00,0.00,406691.00,406691.00,33447213.00,0.00,152420241.00,152420241.00,0.00,1876121.00,1876121.00,154296362.00
2020,2,4,19805,American Airlines Inc.,3,0.00,51711659.00,51711659.00,0.00,330486.00,330486.00,52042145.00,0.00,53382664.00,53382664.00,0.00,339157.00,339157.00,53721821.00
2020,2,4,19874,Air Transport International,2,0.00,0.00,0.00,0.00,56105.00,56105.00,56105.00,0.00,0.00,0.00,0.00,68346.00,68346.00,68346.00
2020,2,4,19917,United Parcel Service,3,0.00,46717000.00,46717000.00,0.00,0.00,0.00,46717000.00,0.00,55983000.00,55983000.00,0.00,0.00,0.00,55983000.00
2020,2,4,19930,Alaska Airlines Inc.,3,986625.00,9759547.00,10746172.00,125413.00,3437.00,128850.00,10875022.00,1087834.00,12406901.00,13494735.00,138278.00,4122.00,142400.00,13637135.00
2020,2,4,19977,United Air Lines Inc.,3,0.00,19848191.00,19848191.00,0.00,653648.00,653648.00,20501839.00,0.00,22968412.00,22968412.00,0.00,830821.00,830821.00,23799233.00
2020,2,4,20007,Atlas Air Inc.,3,0.00,0.00,0.00,0.00,15914425.00,15914425.00,15914425.00,0.00,0.00,0.00,0.00,19075912.00,19075912.00,19075912.00
2020,2,4,20046,Air Wisconsin Airlines Corp,2,0.00,0.00,0.00,0.00,0.00,0.00,0.00,0.00,0.00,0.00,0.00,0.00,0.00,0.00
2020,2,4,20100,Polar Air Cargo Airways,3,0.00,1909061.00,1909061.00,0.00,0.00,0.00,1909061.00,0.00,1385547.00,1385547.00,0.00,0.00,0.00,1385547.00
2020,2,4,20107,Federal Express Corporation,3,0.00,57423374.00,57423374.00,387.00,2887662.00,2888049.00,60311423.00,0.00,40731000.00,40731000.00,273.00,2048000.00,2048273.00,42779273.00
2020,2,4,20108,Northern Air Cargo Inc.,1,367454.00,0.00,367454.00,32468.00,0.00,32468.00,399922.00,297222.00,0.00,297222.00,23255.00,0.00,23255.00,320477.00
2020,2,4,20151,Amerijet International,2,0.00,0.00,0.00,0.00,1089627.00,1089627.00,1089627.00,0.00,0.00,0.00,0.00,1004015.00,1004015.00,1004015.00
2020,2,4,20166,Gulf And Caribbean Cargo,1,0.00,0.00,0.00,0.00,69859.00,69859.00,69859.00,0.00,0.00,0.00,0.00,103419.00,103419.00,103419.00
2020,2,4,20169,Lynden Air Cargo Airlines,2,129890.00,0.00,129890.00,45376.00,14726.00,60102.00,189992.00,136861.00,0.00,136861.00,35190.00,36060.00,71250.00,208111.00
2020,2,4,20177,Asia Pacific,1,0.00,0.00,0.00,0.00,0.00,0.00,0.00,0.00,0.00,0.00,0.00,0.00,0.00,0.00
2020,2,4,20190,Southern Air Inc.,2,0.00,2049438.00,2049438.00,0.00,0.00,0.00,2049438.00,0.00,2113807.00,2113807.00,0.00,0.00,0.00,2113807.00
2020,2,4,20195,Sky Lease Cargo,2,0.00,0.00,0.00,0.00,0.00,0.00,0.00,0.00,0.00,0.00,0.00,0.00,0.00,0.00
2020,2,4,20304,SkyWest Airlines Inc.,3,0.00,4051765.00,4051765.00,0.00,0.00,0.00,4051765.00,0.00,5358869.00,5358869.00,0.00,0.00,0.00,5358869.00
2020,2,4,20310,"Caribbean Sun Airlines, Inc. d/b/a World Atlantic Airlines",1,0.00,0.00,0.00,0.00,4746.00,4746.00,4746.00,0.00,0.00,0.00,0.00,9739.00,9739.00,9739.00
2020,2,4,20363,Endeavor Air Inc.,2,0.00,0.00,0.00,0.00,0.00,0.00,0.00,0.00,0.00,0.00,0.00,0.00,0.00,0.00
2020,2,4,20366,ExpressJet Airlines LLC,2,0.00,0.00,0.00,0.00,0.00,0.00,0.00,0.00,0.00,0.00,0.00,0.00,0.00,0.00
2020,2,4,20368,Allegiant Air,3,0.00,1816410.00,1816410.00,0.00,140167.00,140167.00,1956577.00,0.00,1668202.00,1668202.00,0.00,194640.00,194640.00,1862842.00
2020,2,4,20370,Kalitta Air LLC,3,0.00,0.00,0.00,0.00,5757565.00,5757565.00,5757565.00,0.00,0.00,0.00,0.00,4642213.00,4642213.00,4642213.00
2020,2,4,20372,Kalitta Charters II,1,0.00,0.00,0.00,0.00,17058.00,17058.00,17058.00,0.00,0.00,0.00,0.00,31363.00,31363.00,31363.00
2020,2,4,20377,Omni Air International LLC,2,0.00,0.00,0.00,0.00,126690.00,126690.00,126690.00,0.00,0.00,0.00,0.00,206341.00,206341.00,206341.00
2020,2,4,20378,Mesa Airlines Inc.,2,0.00,0.00,0.00,0.00,0.00,0.00,0.00,0.00,0.00,0.00,0.00,0.00,0.00,0.00
2020,2,4,20397,PSA Airlines Inc.,2,0.00,0.00,0.00,0.00,0.00,0.00,0.00,0.00,0.00,0.00,0.00,0.00,0.00,0.00
2020,2,4,20398,Envoy Air,3,0.00,0.00,0.00,0.00,0.00,0.00,0.00,0.00,0.00,0.00,0.00,0.00,0.00,0.00
2020,2,4,20401,Silver Airways,1,0.00,38205.00,38205.00,0.00,0.00,0.00,38205.00,0.00,31601.00,31601.00,0.00,0.00,0.00,31601.00
2020,2,4,20405,National Air Cargo Group Inc d/ba National Airlines,2,0.00,0.00,0.00,0.00,0.00,0.00,0.00,0.00,0.00,0.00,0.00,0.00,0.00,0.00
2020,2,4,20408,Tatonduk Outfitters Limited d/b/a Everts Air Alaska and Everts Air Cargo,1,290906.00,0.00,290906.00,16491.00,9103.00,25594.00,316500.00,467191.00,0.00,467191.00,26484.00,14619.00,41103.00,508294.00
2020,2,4,20409,JetBlue Airways,3,0.00,9790822.00,9790822.00,0.00,0.00,0.00,9790822.00,0.00,8373816.00,8373816.00,0.00,0.00,0.00,8373816.00
2020,2,4,20416,Spirit Air Lines,3,0.00,8059674.00,8059674.00,0.00,0.00,0.00,8059674.00,0.00,9114199.00,9114199.00,0.00,0.00,0.00,9114199.00
2020,2,4,20422,Sun Country Airlines d/b/a MN Airlines,2,0.00,410414.00,410414.00,0.00,246896.00,246896.00,657310.00,0.00,293141.00,293141.00,0.00,307620.00,307620.00,600761.00
2020,2,4,20436,Frontier Airlines Inc.,3,0.00,2097527.00,2097527.00,0.00,0.00,0.00,2097527.00,0.00,2046779.00,2046779.00,0.00,0.00,0.00,2046779.00
2020,2,4,20447,USA Jet Airlines Inc.,2,0.00,0.00,0.00,0.00,29023.00,29023.00,29023.00,0.00,0.00,0.00,0.00,21883.00,21883.00,21883.00
2020,2,4,20452,Republic Airline,3,0.00,6287.00,6287.00,0.00,0.00,0.00,6287.00,0.00,6661.00,6661.00,0.00,0.00,0.00,6661.00
2020,2,4,20453,ABX Air Inc,2,0.00,110881.00,110881.00,0.00,0.00,0.00,110881.00,0.00,0.00,0.00,0.00,0.00,0.00,0.00
2020,2,4,20500,GoJet Airlines LLC d/b/a United Express,2,0.00,0.00,0.00,0.00,0.00,0.00,0.00,0.00,0.00,0.00,0.00,0.00,0.00,0.00
2020,2,4,21161,"Swift Air, LLC d/b/a Eastern Air Lines d/b/a Eastern",2,0.00,0.00,0.00,0.00,102098.00,102098.00,102098.00,0.00,0.00,0.00,0.00,289187.00,289187.00,289187.00
2020,2,4,21167,Compass Airlines,2,0.00,0.00,0.00,0.00,0.00,0.00,0.00,0.00,0.00,0.00,0.00,0.00,0.00,0.00
2020,2,4,21352,Avjet Corporation,1,0.00,0.00,0.00,0.00,0.00,0.00,0.00,0.00,0.00,0.00,0.00,0.00,0.00,0.00
2020,2,4,21492,"Eastern Airlines f/k/a Dynamic Airways, LLC",1,0.00,0.00,0.00,0.00,43189.00,43189.00,43189.00,0.00,0.00,0.00,0.00,45780.00,45780.00,45780.00
2020,2,4,21577,Rhoades Aviation dba Transair,1,0.00,0.00,0.00,0.00,167431.00,167431.00,167431.00,0.00,0.00,0.00,0.00,189045.00,189045.00,189045.00
2020,2,4,21629,Western Global,2,0.00,0.00,0.00,1339995.00,1885521.00,3225516.00,3225516.00,0.00,0.00,0.00,1057060.00,1899910.00,2956970.00,2956970.00
2020,2,4,21634,Aloha Air Cargo,2,0.00,292386.00,292386.00,0.00,0.00,0.00,292386.00,0.00,196400.00,196400.00,0.00,0.00,0.00,196400.00
2020,2,4,21652,"Jet Aviation Flight Services, Inc.",1,0.00,0.00,0.00,0.00,0.00,0.00,0.00,0.00,0.00,0.00,0.00,0.00,0.00,0.00
2020,2,4,21712,Elite Airways LLC,2,0.00,0.00,0.00,0.00,13238.00,13238.00,13238.00,0.00,0.00,0.00,0.00,34363.00,34363.00,34363.00
2020,2,4,21974,"Scott Aviation, LLC  d/b/a  Silver Air",1,0.00,0.00,0.00,0.00,0.00,0.00,0.00,0.00,0.00,0.00,0.00,0.00,0.00,0.00
2020,2,5,19393,Southwest Airlines Co.,3,0.00,56436273.00,56436273.00,0.00,178833.00,178833.00,56615106.00,0.00,69746812.00,69746812.00,0.00,186869.00,186869.00,69933681.00
2020,2,5,19687,Horizon Air,2,0.00,0.00,0.00,0.00,0.00,0.00,0.00,0.00,0.00,0.00,0.00,0.00,0.00,0.00
2020,2,5,19690,Hawaiian Airlines Inc.,3,0.00,2181924.00,2181924.00,0.00,0.00,0.00,2181924.00,0.00,1727258.00,1727258.00,0.00,0.00,0.00,1727258.00
2020,2,5,19790,Delta Air Lines Inc.,3,0.00,28707387.00,28707387.00,0.00,249944.00,249944.00,28957331.00,0.00,43182617.00,43182617.00,0.00,375975.00,375975.00,43558592.00
2020,2,5,19805,American Airlines Inc.,3,0.00,45217790.00,45217790.00,0.00,221384.00,221384.00,45439174.00,0.00,48319720.00,48319720.00,0.00,218863.00,218863.00,48538583.00
2020,2,5,19874,Air Transport International,2,0.00,0.00,0.00,0.00,67915.00,67915.00,67915.00,0.00,0.00,0.00,0.00,68688.00,68688.00,68688.00
2020,2,5,19917,United Parcel Service,3,0.00,47122000.00,47122000.00,0.00,0.00,0.00,47122000.00,0.00,56620000.00,56620000.00,0.00,0.00,0.00,56620000.00
2020,2,5,19930,Alaska Airlines Inc.,3,1057277.00,9127483.00,10184760.00,133487.00,15450.00,148937.00,10333697.00,988210.00,9942998.00,10931208.00,124767.00,14228.00,138995.00,11070203.00
2020,2,5,19977,United Air Lines Inc.,3,0.00,16715442.00,16715442.00,0.00,689306.00,689306.00,17404748.00,0.00,17690312.00,17690312.00,0.00,902148.00,902148.00,18592460.00
2020,2,5,20007,Atlas Air Inc.,3,0.00,0.00,0.00,0.00,17332213.00,17332213.00,17332213.00,0.00,0.00,0.00,0.00,19779431.00,19779431.00,19779431.00
2020,2,5,20046,Air Wisconsin Airlines Corp,2,0.00,0.00,0.00,0.00,0.00,0.00,0.00,0.00,0.00,0.00,0.00,0.00,0.00,0.00
2020,2,5,20100,Polar Air Cargo Airways,3,0.00,2337432.00,2337432.00,0.00,0.00,0.00,2337432.00,0.00,1735107.00,1735107.00,0.00,0.00,0.00,1735107.00
2020,2,5,20107,Federal Express Corporation,3,1805.00,60656230.00,60658035.00,536.00,3072109.00,3072645.00,63730680.00,2000.00,42639000.00,42641000.00,424.00,2053000.00,2053424.00,44694424.00
2020,2,5,20108,Northern Air Cargo Inc.,1,353909.00,0.00,353909.00,47297.00,0.00,47297.00,401206.00,281087.00,0.00,281087.00,35265.00,0.00,35265.00,316352.00
2020,2,5,20151,Amerijet International,2,0.00,0.00,0.00,0.00,1273179.00,1273179.00,1273179.00,0.00,0.00,0.00,0.00,1150950.00,1150950.00,1150950.00
2020,2,5,20166,Gulf And Caribbean Cargo,1,0.00,0.00,0.00,0.00,78316.00,78316.00,78316.00,0.00,0.00,0.00,0.00,117004.00,117004.00,117004.00
2020,2,5,20169,Lynden Air Cargo Airlines,2,144583.00,0.00,144583.00,53706.00,28777.00,82483.00,227066.00,139010.00,0.00,139010.00,58863.00,38660.00,97523.00,236533.00
2020,2,5,20177,Asia Pacific,1,0.00,0.00,0.00,0.00,0.00,0.00,0.00,0.00,0.00,0.00,0.00,0.00,0.00,0.00
2020,2,5,20190,Southern Air Inc.,2,0.00,2178423.00,2178423.00,0.00,0.00,0.00,2178423.00,0.00,2263439.00,2263439.00,0.00,0.00,0.00,2263439.00
2020,2,5,20195,Sky Lease Cargo,2,0.00,0.00,0.00,0.00,0.00,0.00,0.00,0.00,0.00,0.00,0.00,0.00,0.00,0.00
2020,2,5,20304,SkyWest Airlines Inc.,3,0.00,3305740.00,3305740.00,0.00,0.00,0.00,3305740.00,0.00,3742110.00,3742110.00,0.00,0.00,0.00,3742110.00
2020,2,5,20310,"Caribbean Sun Airlines, Inc. d/b/a World Atlantic Airlines",1,0.00,0.00,0.00,0.00,24657.00,24657.00,24657.00,0.00,0.00,0.00,0.00,42776.00,42776.00,42776.00
2020,2,5,20363,Endeavor Air Inc.,2,0.00,0.00,0.00,0.00,0.00,0.00,0.00,0.00,0.00,0.00,0.00,0.00,0.00,0.00
2020,2,5,20366,ExpressJet Airlines LLC,2,0.00,0.00,0.00,0.00,0.00,0.00,0.00,0.00,0.00,0.00,0.00,0.00,0.00,0.00
2020,2,5,20368,Allegiant Air,3,0.00,7537146.00,7537146.00,0.00,206806.00,206806.00,7743952.00,0.00,6852579.00,6852579.00,0.00,292326.00,292326.00,7144905.00
2020,2,5,20370,Kalitta Air LLC,3,0.00,0.00,0.00,0.00,5173290.00,5173290.00,5173290.00,0.00,0.00,0.00,0.00,3731954.00,3731954.00,3731954.00
2020,2,5,20372,Kalitta Charters II,1,0.00,0.00,0.00,0.00,11127.00,11127.00,11127.00,0.00,0.00,0.00,0.00,20119.00,20119.00,20119.00
2020,2,5,20377,Omni Air International LLC,2,0.00,0.00,0.00,0.00,29119.00,29119.00,29119.00,0.00,0.00,0.00,0.00,37688.00,37688.00,37688.00
2020,2,5,20378,Mesa Airlines Inc.,2,0.00,0.00,0.00,0.00,0.00,0.00,0.00,0.00,0.00,0.00,0.00,0.00,0.00,0.00
2020,2,5,20397,PSA Airlines Inc.,2,0.00,0.00,0.00,0.00,0.00,0.00,0.00,0.00,0.00,0.00,0.00,0.00,0.00,0.00
2020,2,5,20398,Envoy Air,3,0.00,0.00,0.00,0.00,0.00,0.00,0.00,0.00,0.00,0.00,0.00,0.00,0.00,0.00
2020,2,5,20401,Silver Airways,1,0.00,40403.00,40403.00,0.00,0.00,0.00,40403.00,0.00,30889.00,30889.00,0.00,0.00,0.00,30889.00
2020,2,5,20405,National Air Cargo Group Inc d/ba National Airlines,2,0.00,0.00,0.00,0.00,0.00,0.00,0.00,0.00,0.00,0.00,0.00,0.00,0.00,0.00
2020,2,5,20408,Tatonduk Outfitters Limited d/b/a Everts Air Alaska and Everts Air Cargo,1,300882.00,0.00,300882.00,31365.00,25070.00,56435.00,357317.00,513452.00,0.00,513452.00,56227.00,42782.00,99009.00,612461.00
2020,2,5,20409,JetBlue Airways,3,0.00,5692778.00,5692778.00,0.00,0.00,0.00,5692778.00,0.00,4889354.00,4889354.00,0.00,0.00,0.00,4889354.00
2020,2,5,20416,Spirit Air Lines,3,0.00,2220482.00,2220482.00,0.00,0.00,0.00,2220482.00,0.00,827785.00,827785.00,0.00,0.00,0.00,827785.00
2020,2,5,20422,Sun Country Airlines d/b/a MN Airlines,2,0.00,1085690.00,1085690.00,0.00,260219.00,260219.00,1345909.00,0.00,623481.00,623481.00,0.00,304639.00,304639.00,928120.00
2020,2,5,20436,Frontier Airlines Inc.,3,0.00,4149368.00,4149368.00,0.00,0.00,0.00,4149368.00,0.00,3395839.00,3395839.00,0.00,0.00,0.00,3395839.00
2020,2,5,20447,USA Jet Airlines Inc.,2,0.00,0.00,0.00,0.00,54337.00,54337.00,54337.00,0.00,0.00,0.00,0.00,39775.00,39775.00,39775.00
2020,2,5,20452,Republic Airline,3,0.00,10769.00,10769.00,0.00,0.00,0.00,10769.00,0.00,8302.00,8302.00,0.00,0.00,0.00,8302.00
2020,2,5,20453,ABX Air Inc,2,0.00,106283.00,106283.00,0.00,0.00,0.00,106283.00,0.00,0.00,0.00,0.00,0.00,0.00,0.00
2020,2,5,20500,GoJet Airlines LLC d/b/a United Express,2,0.00,0.00,0.00,0.00,0.00,0.00,0.00,0.00,0.00,0.00,0.00,0.00,0.00,0.00
2020,2,5,21161,"Swift Air, LLC d/b/a Eastern Air Lines d/b/a Eastern",2,0.00,0.00,0.00,0.00,89130.00,89130.00,89130.00,0.00,0.00,0.00,0.00,192348.00,192348.00,192348.00
2020,2,5,21167,Compass Airlines,2,0.00,0.00,0.00,0.00,0.00,0.00,0.00,0.00,0.00,0.00,0.00,0.00,0.00,0.00
2020,2,5,21352,Avjet Corporation,1,0.00,0.00,0.00,0.00,0.00,0.00,0.00,0.00,0.00,0.00,0.00,0.00,0.00,0.00
2020,2,5,21492,"Eastern Airlines f/k/a Dynamic Airways, LLC",1,0.00,0.00,0.00,0.00,9828.00,9828.00,9828.00,0.00,0.00,0.00,0.00,10418.00,10418.00,10418.00
2020,2,5,21577,Rhoades Aviation dba Transair,1,0.00,0.00,0.00,0.00,219191.00,219191.00,219191.00,0.00,0.00,0.00,0.00,272198.00,272198.00,272198.00
2020,2,5,21629,Western Global,2,0.00,0.00,0.00,2312005.00,2053302.00,4365307.00,4365307.00,0.00,0.00,0.00,1836373.00,2346928.00,4183301.00,4183301.00
2020,2,5,21634,Aloha Air Cargo,2,0.00,281957.00,281957.00,0.00,0.00,0.00,281957.00,0.00,165517.00,165517.00,0.00,0.00,0.00,165517.00
2020,2,5,21652,"Jet Aviation Flight Services, Inc.",1,0.00,0.00,0.00,0.00,0.00,0.00,0.00,0.00,0.00,0.00,0.00,0.00,0.00,0.00
2020,2,5,21712,Elite Airways LLC,2,0.00,13418.00,13418.00,0.00,5121.00,5121.00,18539.00,0.00,18424.00,18424.00,0.00,9764.00,9764.00,28188.00
2020,2,5,21974,"Scott Aviation, LLC  d/b/a  Silver Air",1,0.00,0.00,0.00,0.00,0.00,0.00,0.00,0.00,0.00,0.00,0.00,0.00,0.00,0.00
2020,2,6,19393,Southwest Airlines Co.,3,0.00,90878694.00,90878694.00,0.00,245868.00,245868.00,91124562.00,0.00,106274476.00,106274476.00,0.00,310138.00,310138.00,106584614.00
2020,2,6,19687,Horizon Air,2,0.00,0.00,0.00,0.00,0.00,0.00,0.00,0.00,0.00,0.00,0.00,0.00,0.00,0.00
2020,2,6,19690,Hawaiian Airlines Inc.,3,0.00,2650824.00,2650824.00,0.00,0.00,0.00,2650824.00,0.00,2775505.00,2775505.00,0.00,0.00,0.00,2775505.00
2020,2,6,19790,Delta Air Lines Inc.,3,0.00,39075369.00,39075369.00,0.00,463485.00,463485.00,39538854.00,0.00,53090770.00,53090770.00,0.00,629726.00,629726.00,53720496.00
2020,2,6,19805,American Airlines Inc.,3,0.00,59875809.00,59875809.00,0.00,144045.00,144045.00,60019854.00,0.00,60191850.00,60191850.00,0.00,150728.00,150728.00,60342578.00
2020,2,6,19874,Air Transport International,2,0.00,0.00,0.00,0.00,121247.00,121247.00,121247.00,0.00,0.00,0.00,0.00,156234.00,156234.00,156234.00
2020,2,6,19917,United Parcel Service,3,0.00,50305000.00,50305000.00,0.00,0.00,0.00,50305000.00,0.00,51832000.00,51832000.00,0.00,0.00,0.00,51832000.00
2020,2,6,19930,Alaska Airlines Inc.,3,1196060.00,14842235.00,16038295.00,143857.00,76796.00,220653.00,16258948.00,1267788.00,19650111.00,20917899.00,152484.00,74961.00,227445.00,21145344.00
2020,2,6,19977,United Air Lines Inc.,3,0.00,19121998.00,19121998.00,0.00,381780.00,381780.00,19503778.00,0.00,22457722.00,22457722.00,0.00,449914.00,449914.00,22907636.00
2020,2,6,20007,Atlas Air Inc.,3,0.00,0.00,0.00,0.00,16935302.00,16935302.00,16935302.00,0.00,0.00,0.00,0.00,22371910.00,22371910.00,22371910.00
2020,2,6,20046,Air Wisconsin Airlines Corp,2,0.00,0.00,0.00,0.00,0.00,0.00,0.00,0.00,0.00,0.00,0.00,0.00,0.00,0.00
2020,2,6,20100,Polar Air Cargo Airways,3,0.00,2241126.00,2241126.00,0.00,0.00,0.00,2241126.00,0.00,2401892.00,2401892.00,0.00,0.00,0.00,2401892.00
2020,2,6,20107,Federal Express Corporation,3,0.00,59281243.00,59281243.00,3592.00,2113777.00,2117369.00,61398612.00,0.00,60552000.00,60552000.00,4000.00,2206000.00,2210000.00,62762000.00
2020,2,6,20108,Northern Air Cargo Inc.,1,332694.00,0.00,332694.00,41329.00,0.00,41329.00,374023.00,402388.00,0.00,402388.00,46189.00,0.00,46189.00,448577.00
2020,2,6,20151,Amerijet International,2,0.00,0.00,0.00,0.00,1212861.00,1212861.00,1212861.00,0.00,0.00,0.00,0.00,1496154.00,1496154.00,1496154.00
2020,2,6,20166,Gulf And Caribbean Cargo,1,0.00,0.00,0.00,0.00,75178.00,75178.00,75178.00,0.00,0.00,0.00,0.00,105331.00,105331.00,105331.00
2020,2,6,20169,Lynden Air Cargo Airlines,2,186431.00,0.00,186431.00,117644.00,18019.00,135663.00,322094.00,244697.00,0.00,244697.00,158360.00,51941.00,210301.00,454998.00
2020,2,6,20177,Asia Pacific,1,0.00,0.00,0.00,0.00,0.00,0.00,0.00,0.00,0.00,0.00,0.00,0.00,0.00,0.00
2020,2,6,20190,Southern Air Inc.,2,0.00,2289404.00,2289404.00,0.00,0.00,0.00,2289404.00,0.00,2827574.00,2827574.00,0.00,0.00,0.00,2827574.00
2020,2,6,20195,Sky Lease Cargo,2,0.00,0.00,0.00,0.00,0.00,0.00,0.00,0.00,0.00,0.00,0.00,0.00,0.00,0.00
2020,2,6,20304,SkyWest Airlines Inc.,3,0.00,4613562.00,4613562.00,0.00,0.00,0.00,4613562.00,0.00,6414620.00,6414620.00,0.00,0.00,0.00,6414620.00
2020,2,6,20310,"Caribbean Sun Airlines, Inc. d/b/a World Atlantic Airlines",1,0.00,0.00,0.00,0.00,0.00,0.00,0.00,0.00,0.00,0.00,0.00,0.00,0.00,0.00
2020,2,6,20363,Endeavor Air Inc.,2,0.00,0.00,0.00,0.00,0.00,0.00,0.00,0.00,0.00,0.00,0.00,0.00,0.00,0.00
2020,2,6,20366,ExpressJet Airlines LLC,2,0.00,0.00,0.00,0.00,0.00,0.00,0.00,0.00,0.00,0.00,0.00,0.00,0.00,0.00
2020,2,6,20368,Allegiant Air,3,0.00,14770466.00,14770466.00,0.00,190412.00,190412.00,14960878.00,0.00,17557488.00,17557488.00,0.00,267668.00,267668.00,17825156.00
2020,2,6,20370,Kalitta Air LLC,3,0.00,0.00,0.00,0.00,3180246.00,3180246.00,3180246.00,0.00,0.00,0.00,0.00,3546297.00,3546297.00,3546297.00
2020,2,6,20372,Kalitta Charters II,1,0.00,0.00,0.00,0.00,55263.00,55263.00,55263.00,0.00,0.00,0.00,0.00,103634.00,103634.00,103634.00
2020,2,6,20377,Omni Air International LLC,2,0.00,0.00,0.00,0.00,66526.00,66526.00,66526.00,0.00,0.00,0.00,0.00,111532.00,111532.00,111532.00
2020,2,6,20378,Mesa Airlines Inc.,2,0.00,0.00,0.00,0.00,0.00,0.00,0.00,0.00,0.00,0.00,0.00,0.00,0.00,0.00
2020,2,6,20397,PSA Airlines Inc.,2,0.00,0.00,0.00,0.00,0.00,0.00,0.00,0.00,0.00,0.00,0.00,0.00,0.00,0.00
2020,2,6,20398,Envoy Air,3,0.00,0.00,0.00,0.00,0.00,0.00,0.00,0.00,0.00,0.00,0.00,0.00,0.00,0.00
2020,2,6,20401,Silver Airways,1,0.00,66496.00,66496.00,0.00,0.00,0.00,66496.00,0.00,74687.00,74687.00,0.00,0.00,0.00,74687.00
2020,2,6,20405,National Air Cargo Group Inc d/ba National Airlines,2,0.00,0.00,0.00,0.00,1156215.00,1156215.00,1156215.00,0.00,0.00,0.00,0.00,1289430.00,1289430.00,1289430.00
2020,2,6,20408,Tatonduk Outfitters Limited d/b/a Everts Air Alaska and Everts Air Cargo,1,379848.00,0.00,379848.00,30063.00,10109.00,40172.00,420020.00,708308.00,0.00,708308.00,57127.00,18850.00,75977.00,784285.00
2020,2,6,20409,JetBlue Airways,3,0.00,13071064.00,13071064.00,0.00,25493.00,25493.00,13096557.00,0.00,14595033.00,14595033.00,0.00,28057.00,28057.00,14623090.00
2020,2,6,20416,Spirit Air Lines,3,0.00,8151809.00,8151809.00,0.00,0.00,0.00,8151809.00,0.00,9427545.00,9427545.00,0.00,0.00,0.00,9427545.00
2020,2,6,20422,Sun Country Airlines d/b/a MN Airlines,2,0.00,2089104.00,2089104.00,0.00,235331.00,235331.00,2324435.00,0.00,2475522.00,2475522.00,0.00,326526.00,326526.00,2802048.00
2020,2,6,20436,Frontier Airlines Inc.,3,0.00,7712692.00,7712692.00,0.00,0.00,0.00,7712692.00,0.00,7314365.00,7314365.00,0.00,0.00,0.00,7314365.00
2020,2,6,20447,USA Jet Airlines Inc.,2,0.00,0.00,0.00,0.00,192185.00,192185.00,192185.00,0.00,0.00,0.00,0.00,201498.00,201498.00,201498.00
2020,2,6,20452,Republic Airline,3,0.00,23868.00,23868.00,0.00,0.00,0.00,23868.00,0.00,25857.00,25857.00,0.00,0.00,0.00,25857.00
2020,2,6,20453,ABX Air Inc,2,0.00,89886.00,89886.00,0.00,0.00,0.00,89886.00,0.00,0.00,0.00,0.00,0.00,0.00,0.00
2020,2,6,20500,GoJet Airlines LLC d/b/a United Express,2,0.00,0.00,0.00,0.00,0.00,0.00,0.00,0.00,0.00,0.00,0.00,0.00,0.00,0.00
2020,2,6,21161,"Swift Air, LLC d/b/a Eastern Air Lines d/b/a Eastern",2,0.00,0.00,0.00,0.00,207846.00,207846.00,207846.00,0.00,0.00,0.00,0.00,429440.00,429440.00,429440.00
2020,2,6,21167,Compass Airlines,2,0.00,0.00,0.00,0.00,0.00,0.00,0.00,0.00,0.00,0.00,0.00,0.00,0.00,0.00
2020,2,6,21352,Avjet Corporation,1,0.00,0.00,0.00,0.00,0.00,0.00,0.00,0.00,0.00,0.00,0.00,0.00,0.00,0.00
2020,2,6,21492,"Eastern Airlines f/k/a Dynamic Airways, LLC",1,0.00,0.00,0.00,2014.00,33580.00,35594.00,35594.00,0.00,0.00,0.00,2498.00,41640.00,44138.00,44138.00
2020,2,6,21577,Rhoades Aviation dba Transair,1,0.00,0.00,0.00,0.00,194707.00,194707.00,194707.00,0.00,0.00,0.00,0.00,368321.00,368321.00,368321.00
2020,2,6,21629,Western Global,2,0.00,0.00,0.00,2648122.00,1574131.00,4222253.00,4222253.00,0.00,0.00,0.00,3111775.00,2103421.00,5215196.00,5215196.00
2020,2,6,21634,Aloha Air Cargo,2,0.00,278876.00,278876.00,0.00,0.00,0.00,278876.00,0.00,283978.00,283978.00,0.00,0.00,0.00,283978.00
2020,2,6,21652,"Jet Aviation Flight Services, Inc.",1,0.00,0.00,0.00,0.00,0.00,0.00,0.00,0.00,0.00,0.00,0.00,0.00,0.00,0.00
2020,2,6,21712,Elite Airways LLC,2,0.00,19809.00,19809.00,0.00,47125.00,47125.00,66934.00,0.00,41023.00,41023.00,0.00,32238.00,32238.00,73261.00
2020,2,6,21974,"Scott Aviation, LLC  d/b/a  Silver Air",1,0.00,0.00,0.00,0.00,0.00,0.00,0.00,0.00,0.00,0.00,0.00,0.00,0.00,0.00
2020,3,7,19393,Southwest Airlines Co.,3,0.00,115244413.00,115244413.00,0.00,157320.00,157320.00,115401733.00,0.00,130238823.00,130238823.00,0.00,190899.00,190899.00,130429722.00
2020,3,7,19687,Horizon Air,2,0.00,0.00,0.00,0.00,0.00,0.00,0.00,0.00,0.00,0.00,0.00,0.00,0.00,0.00
2020,3,7,19690,Hawaiian Airlines Inc.,3,0.00,3868095.00,3868095.00,0.00,0.00,0.00,3868095.00,0.00,4424494.00,4424494.00,0.00,0.00,0.00,4424494.00
2020,3,7,19790,Delta Air Lines Inc.,3,0.00,73066479.00,73066479.00,0.00,629368.00,629368.00,73695847.00,0.00,86658643.00,86658643.00,0.00,746446.00,746446.00,87405089.00
2020,3,7,19805,American Airlines Inc.,3,0.00,99048015.00,99048015.00,0.00,199884.00,199884.00,99247899.00,0.00,109478422.00,109478422.00,0.00,219341.00,219341.00,109697763.00
2020,3,7,19874,Air Transport International,2,0.00,0.00,0.00,0.00,74351.00,74351.00,74351.00,0.00,0.00,0.00,0.00,101687.00,101687.00,101687.00
2020,3,7,19917,United Parcel Service,3,0.00,51173000.00,51173000.00,0.00,0.00,0.00,51173000.00,0.00,61962000.00,61962000.00,0.00,0.00,0.00,61962000.00
2020,3,7,19930,Alaska Airlines Inc.,3,1285419.00,17846136.00,19131555.00,139738.00,16930.00,156668.00,19288223.00,1444193.00,26372637.00,27816830.00,156998.00,19381.00,176379.00,27993209.00
2020,3,7,19977,United Air Lines Inc.,3,0.00,39089631.00,39089631.00,0.00,774292.00,774292.00,39863923.00,0.00,47285153.00,47285153.00,0.00,986375.00,986375.00,48271528.00
2020,3,7,20007,Atlas Air Inc.,3,0.00,0.00,0.00,0.00,17782049.00,17782049.00,17782049.00,0.00,0.00,0.00,0.00,25904211.00,25904211.00,25904211.00
2020,3,7,20046,Air Wisconsin Airlines Corp,2,0.00,0.00,0.00,0.00,0.00,0.00,0.00,0.00,0.00,0.00,0.00,0.00,0.00,0.00
2020,3,7,20100,Polar Air Cargo Airways,3,0.00,2168343.00,2168343.00,0.00,0.00,0.00,2168343.00,0.00,2630653.00,2630653.00,0.00,0.00,0.00,2630653.00
2020,3,7,20107,Federal Express Corporation,3,0.00,61637539.00,61637539.00,566.00,2112410.00,2112976.00,63750515.00,0.00,70355000.00,70355000.00,629.00,2462000.00,2462629.00,72817629.00
2020,3,7,20108,Northern Air Cargo Inc.,1,391960.00,0.00,391960.00,42525.00,6414.00,48939.00,440899.00,521351.00,0.00,521351.00,54417.00,0.00,54417.00,575768.00
2020,3,7,20151,Amerijet International,2,0.00,0.00,0.00,0.00,1282152.00,1282152.00,1282152.00,0.00,0.00,0.00,0.00,1754582.00,1754582.00,1754582.00
2020,3,7,20166,Gulf And Caribbean Cargo,1,0.00,0.00,0.00,0.00,79416.00,79416.00,79416.00,0.00,0.00,0.00,0.00,128922.00,128922.00,128922.00
2020,3,7,20169,Lynden Air Cargo Airlines,2,281224.00,0.00,281224.00,95053.00,47426.00,142479.00,423703.00,373929.00,0.00,373929.00,153664.00,87832.00,241496.00,615425.00
2020,3,7,20177,Asia Pacific,1,0.00,0.00,0.00,0.00,0.00,0.00,0.00,0.00,0.00,0.00,0.00,0.00,0.00,0.00
2020,3,7,20190,Southern Air Inc.,2,0.00,2337725.00,2337725.00,0.00,0.00,0.00,2337725.00,0.00,3116484.00,3116484.00,0.00,0.00,0.00,3116484.00
2020,3,7,20195,Sky Lease Cargo,2,0.00,0.00,0.00,0.00,0.00,0.00,0.00,0.00,0.00,0.00,0.00,0.00,0.00,0.00
2020,3,7,20304,SkyWest Airlines Inc.,3,0.00,6676939.00,6676939.00,0.00,0.00,0.00,6676939.00,0.00,10001323.00,10001323.00,0.00,0.00,0.00,10001323.00
2020,3,7,20310,"Caribbean Sun Airlines, Inc. d/b/a World Atlantic Airlines",1,0.00,0.00,0.00,0.00,1090.00,1090.00,1090.00,0.00,0.00,0.00,0.00,2355.00,2355.00,2355.00
2020,3,7,20363,Endeavor Air Inc.,2,0.00,0.00,0.00,0.00,0.00,0.00,0.00,0.00,0.00,0.00,0.00,0.00,0.00,0.00
2020,3,7,20366,ExpressJet Airlines LLC,2,0.00,0.00,0.00,0.00,0.00,0.00,0.00,0.00,0.00,0.00,0.00,0.00,0.00,0.00
2020,3,7,20368,Allegiant Air,3,0.00,17062901.00,17062901.00,0.00,246750.00,246750.00,17309651.00,0.00,22473865.00,22473865.00,0.00,378168.00,378168.00,22852033.00
2020,3,7,20370,Kalitta Air LLC,3,0.00,0.00,0.00,0.00,2543066.00,2543066.00,2543066.00,0.00,0.00,0.00,0.00,3231484.00,3231484.00,3231484.00
2020,3,7,20372,Kalitta Charters II,1,0.00,0.00,0.00,0.00,50788.00,50788.00,50788.00,0.00,0.00,0.00,0.00,93484.00,93484.00,93484.00
2020,3,7,20377,Omni Air International LLC,2,0.00,0.00,0.00,0.00,26227.00,26227.00,26227.00,0.00,0.00,0.00,0.00,48914.00,48914.00,48914.00
2020,3,7,20378,Mesa Airlines Inc.,2,0.00,0.00,0.00,0.00,0.00,0.00,0.00,0.00,0.00,0.00,0.00,0.00,0.00,0.00
2020,3,7,20397,PSA Airlines Inc.,2,0.00,0.00,0.00,0.00,0.00,0.00,0.00,0.00,0.00,0.00,0.00,0.00,0.00,0.00
2020,3,7,20398,Envoy Air,3,0.00,0.00,0.00,0.00,0.00,0.00,0.00,0.00,0.00,0.00,0.00,0.00,0.00,0.00
2020,3,7,20401,Silver Airways,1,0.00,167346.00,167346.00,0.00,0.00,0.00,167346.00,0.00,202121.00,202121.00,0.00,0.00,0.00,202121.00
2020,3,7,20405,National Air Cargo Group Inc d/ba National Airlines,2,0.00,0.00,0.00,0.00,899138.00,899138.00,899138.00,0.00,0.00,0.00,0.00,1366568.00,1366568.00,1366568.00
2020,3,7,20408,Tatonduk Outfitters Limited d/b/a Everts Air Alaska and Everts Air Cargo,1,491586.00,0.00,491586.00,22198.00,13053.00,35251.00,526837.00,886872.00,0.00,886872.00,40047.00,23549.00,63596.00,950468.00
2020,3,7,20409,JetBlue Airways,3,0.00,25680064.00,25680064.00,0.00,10438.00,10438.00,25690502.00,0.00,30861820.00,30861820.00,0.00,14620.00,14620.00,30876440.00
2020,3,7,20416,Spirit Air Lines,3,0.00,31002322.00,31002322.00,0.00,0.00,0.00,31002322.00,0.00,38175462.00,38175462.00,0.00,0.00,0.00,38175462.00
2020,3,7,20422,Sun Country Airlines d/b/a MN Airlines,2,0.00,3655298.00,3655298.00,0.00,404722.00,404722.00,4060020.00,0.00,3705206.00,3705206.00,0.00,586189.00,586189.00,4291395.00
2020,3,7,20436,Frontier Airlines Inc.,3,0.00,13029408.00,13029408.00,0.00,0.00,0.00,13029408.00,0.00,14467730.00,14467730.00,0.00,0.00,0.00,14467730.00
2020,3,7,20447,USA Jet Airlines Inc.,2,0.00,0.00,0.00,0.00,219301.00,219301.00,219301.00,0.00,0.00,0.00,0.00,229928.00,229928.00,229928.00
2020,3,7,20452,Republic Airline,3,0.00,16127.00,16127.00,0.00,0.00,0.00,16127.00,0.00,19810.00,19810.00,0.00,0.00,0.00,19810.00
2020,3,7,20453,ABX Air Inc,2,0.00,134639.00,134639.00,0.00,0.00,0.00,134639.00,0.00,0.00,0.00,0.00,0.00,0.00,0.00
2020,3,7,20500,GoJet Airlines LLC d/b/a United Express,2,0.00,0.00,0.00,0.00,0.00,0.00,0.00,0.00,0.00,0.00,0.00,0.00,0.00,0.00
2020,3,7,21161,"Swift Air, LLC d/b/a Eastern Air Lines d/b/a Eastern",2,0.00,0.00,0.00,0.00,209147.00,209147.00,209147.00,0.00,0.00,0.00,0.00,482790.00,482790.00,482790.00
2020,3,7,21352,Avjet Corporation,1,0.00,0.00,0.00,0.00,0.00,0.00,0.00,0.00,0.00,0.00,0.00,0.00,0.00,0.00
2020,3,7,21492,"Eastern Airlines f/k/a Dynamic Airways, LLC",1,0.00,0.00,0.00,0.00,92222.00,92222.00,92222.00,0.00,0.00,0.00,0.00,149400.00,149400.00,149400.00
2020,3,7,21577,Rhoades Aviation dba Transair,1,0.00,0.00,0.00,0.00,186005.00,186005.00,186005.00,0.00,0.00,0.00,0.00,375161.00,375161.00,375161.00
2020,3,7,21629,Western Global,2,0.00,0.00,0.00,1278201.00,1149576.00,2427777.00,2427777.00,0.00,0.00,0.00,1632487.00,1685216.00,3317703.00,3317703.00
2020,3,7,21634,Aloha Air Cargo,2,0.00,320486.00,320486.00,0.00,0.00,0.00,320486.00,0.00,359421.00,359421.00,0.00,0.00,0.00,359421.00
2020,3,7,21652,"Jet Aviation Flight Services, Inc.",1,0.00,0.00,0.00,0.00,0.00,0.00,0.00,0.00,0.00,0.00,0.00,0.00,0.00,0.00
2020,3,7,21712,Elite Airways LLC,2,0.00,32632.00,32632.00,0.00,10631.00,10631.00,43263.00,0.00,68717.00,68717.00,0.00,33406.00,33406.00,102123.00
2020,3,7,21974,"Scott Aviation, LLC  d/b/a  Silver Air",1,0.00,0.00,0.00,0.00,0.00,0.00,0.00,0.00,0.00,0.00,0.00,0.00,0.00,0.00
2020,3,8,19393,Southwest Airlines Co.,3,0.00,116189469.00,116189469.00,0.00,239003.00,239003.00,116428472.00,0.00,131711178.00,131711178.00,0.00,286634.00,286634.00,131997812.00
2020,3,8,19687,Horizon Air,2,0.00,0.00,0.00,0.00,0.00,0.00,0.00,0.00,0.00,0.00,0.00,0.00,0.00,0.00
2020,3,8,19690,Hawaiian Airlines Inc.,3,0.00,3812167.00,3812167.00,0.00,0.00,0.00,3812167.00,0.00,4352566.00,4352566.00,0.00,0.00,0.00,4352566.00
2020,3,8,19790,Delta Air Lines Inc.,3,0.00,95085197.00,95085197.00,0.00,589411.00,589411.00,95674608.00,0.00,123638999.00,123638999.00,0.00,766409.00,766409.00,124405408.00
2020,3,8,19805,American Airlines Inc.,3,0.00,99716099.00,99716099.00,0.00,211893.00,211893.00,99927992.00,0.00,114529104.00,114529104.00,0.00,236779.00,236779.00,114765883.00
2020,3,8,19874,Air Transport International,2,0.00,0.00,0.00,0.00,222204.00,222204.00,222204.00,0.00,0.00,0.00,0.00,328584.00,328584.00,328584.00
2020,3,8,19917,United Parcel Service,3,0.00,50483000.00,50483000.00,0.00,0.00,0.00,50483000.00,0.00,59746000.00,59746000.00,0.00,0.00,0.00,59746000.00
2020,3,8,19930,Alaska Airlines Inc.,3,1344256.00,23809862.00,25154118.00,121627.00,26943.00,148570.00,25302688.00,1531735.00,35479662.00,37011397.00,138590.00,31116.00,169706.00,37181103.00
2020,3,8,19977,United Air Lines Inc.,3,0.00,54483216.00,54483216.00,0.00,1150467.00,1150467.00,55633683.00,0.00,64626324.00,64626324.00,0.00,1409983.00,1409983.00,66036307.00
2020,3,8,20007,Atlas Air Inc.,3,0.00,0.00,0.00,0.00,17943111.00,17943111.00,17943111.00,0.00,0.00,0.00,0.00,26287306.00,26287306.00,26287306.00
2020,3,8,20046,Air Wisconsin Airlines Corp,2,0.00,0.00,0.00,0.00,0.00,0.00,0.00,0.00,0.00,0.00,0.00,0.00,0.00,0.00
2020,3,8,20100,Polar Air Cargo Airways,3,0.00,2113074.00,2113074.00,0.00,0.00,0.00,2113074.00,0.00,2591081.00,2591081.00,0.00,0.00,0.00,2591081.00
2020,3,8,20107,Federal Express Corporation,3,0.00,58649346.00,58649346.00,149.00,1876626.00,1876775.00,60526121.00,0.00,68252000.00,68252000.00,170.00,2288000.00,2288170.00,70540170.00
2020,3,8,20108,Northern Air Cargo Inc.,1,293922.00,0.00,293922.00,40805.00,2063.00,42868.00,336790.00,399066.00,0.00,399066.00,49134.00,2735.00,51869.00,450935.00
2020,3,8,20151,Amerijet International,2,0.00,0.00,0.00,0.00,1626761.00,1626761.00,1626761.00,0.00,0.00,0.00,0.00,2313683.00,2313683.00,2313683.00
2020,3,8,20166,Gulf And Caribbean Cargo,1,0.00,0.00,0.00,0.00,53023.00,53023.00,53023.00,0.00,0.00,0.00,0.00,100541.00,100541.00,100541.00
2020,3,8,20169,Lynden Air Cargo Airlines,2,171966.00,0.00,171966.00,63594.00,36377.00,99971.00,271937.00,225177.00,0.00,225177.00,96947.00,66217.00,163164.00,388341.00
2020,3,8,20177,Asia Pacific,1,0.00,0.00,0.00,0.00,0.00,0.00,0.00,0.00,0.00,0.00,0.00,0.00,0.00,0.00
2020,3,8,20190,Southern Air Inc.,2,0.00,1818239.00,1818239.00,0.00,0.00,0.00,1818239.00,0.00,2481540.00,2481540.00,0.00,0.00,0.00,2481540.00
2020,3,8,20195,Sky Lease Cargo,2,0.00,0.00,0.00,0.00,0.00,0.00,0.00,0.00,0.00,0.00,0.00,0.00,0.00,0.00
2020,3,8,20304,SkyWest Airlines Inc.,3,0.00,6608904.00,6608904.00,0.00,0.00,0.00,6608904.00,0.00,10320850.00,10320850.00,0.00,0.00,0.00,10320850.00
2020,3,8,20310,"Caribbean Sun Airlines, Inc. d/b/a World Atlantic Airlines",1,0.00,0.00,0.00,0.00,6269.00,6269.00,6269.00,0.00,0.00,0.00,0.00,15560.00,15560.00,15560.00
2020,3,8,20363,Endeavor Air Inc.,2,0.00,0.00,0.00,0.00,0.00,0.00,0.00,0.00,0.00,0.00,0.00,0.00,0.00,0.00
2020,3,8,20366,ExpressJet Airlines LLC,2,0.00,0.00,0.00,0.00,0.00,0.00,0.00,0.00,0.00,0.00,0.00,0.00,0.00,0.00
2020,3,8,20368,Allegiant Air,3,0.00,13671655.00,13671655.00,0.00,314170.00,314170.00,13985825.00,0.00,18455170.00,18455170.00,0.00,480140.00,480140.00,18935310.00
2020,3,8,20370,Kalitta Air LLC,3,0.00,0.00,0.00,0.00,4087670.00,4087670.00,4087670.00,0.00,0.00,0.00,0.00,4975122.00,4975122.00,4975122.00
2020,3,8,20372,Kalitta Charters II,1,0.00,0.00,0.00,0.00,48116.00,48116.00,48116.00,0.00,0.00,0.00,0.00,110657.00,110657.00,110657.00
2020,3,8,20377,Omni Air International LLC,2,0.00,0.00,0.00,0.00,45146.00,45146.00,45146.00,0.00,0.00,0.00,0.00,101583.00,101583.00,101583.00
2020,3,8,20378,Mesa Airlines Inc.,2,0.00,0.00,0.00,0.00,0.00,0.00,0.00,0.00,0.00,0.00,0.00,0.00,0.00,0.00
2020,3,8,20397,PSA Airlines Inc.,2,0.00,0.00,0.00,0.00,0.00,0.00,0.00,0.00,0.00,0.00,0.00,0.00,0.00,0.00
2020,3,8,20398,Envoy Air,3,0.00,0.00,0.00,0.00,0.00,0.00,0.00,0.00,0.00,0.00,0.00,0.00,0.00,0.00
2020,3,8,20401,Silver Airways,1,0.00,133381.00,133381.00,0.00,0.00,0.00,133381.00,0.00,169082.00,169082.00,0.00,0.00,0.00,169082.00
2020,3,8,20405,National Air Cargo Group Inc d/ba National Airlines,2,0.00,0.00,0.00,0.00,649257.00,649257.00,649257.00,0.00,0.00,0.00,0.00,1016746.00,1016746.00,1016746.00
2020,3,8,20408,Tatonduk Outfitters Limited d/b/a Everts Air Alaska and Everts Air Cargo,1,496943.00,0.00,496943.00,30390.00,29745.00,60135.00,557078.00,909927.00,0.00,909927.00,55645.00,54465.00,110110.00,1020037.00
2020,3,8,20409,JetBlue Airways,3,0.00,19769890.00,19769890.00,0.00,0.00,0.00,19769890.00,0.00,24444659.00,24444659.00,0.00,0.00,0.00,24444659.00
2020,3,8,20416,Spirit Air Lines,3,0.00,23676913.00,23676913.00,0.00,0.00,0.00,23676913.00,0.00,30808645.00,30808645.00,0.00,0.00,0.00,30808645.00
2020,3,8,20422,Sun Country Airlines d/b/a MN Airlines,2,0.00,3809495.00,3809495.00,0.00,482191.00,482191.00,4291686.00,0.00,4534096.00,4534096.00,0.00,769603.00,769603.00,5303699.00
2020,3,8,20436,Frontier Airlines Inc.,3,0.00,12523015.00,12523015.00,0.00,0.00,0.00,12523015.00,0.00,14400663.00,14400663.00,0.00,0.00,0.00,14400663.00
2020,3,8,20447,USA Jet Airlines Inc.,2,0.00,0.00,0.00,0.00,532859.00,532859.00,532859.00,0.00,0.00,0.00,0.00,584887.00,584887.00,584887.00
2020,3,8,20452,Republic Airline,3,0.00,22663.00,22663.00,0.00,0.00,0.00,22663.00,0.00,30477.00,30477.00,0.00,0.00,0.00,30477.00
2020,3,8,20453,ABX Air Inc,2,0.00,118205.00,118205.00,0.00,0.00,0.00,118205.00,0.00,0.00,0.00,0.00,0.00,0.00,0.00
2020,3,8,20500,GoJet Airlines LLC d/b/a United Express,2,0.00,0.00,0.00,0.00,0.00,0.00,0.00,0.00,0.00,0.00,0.00,0.00,0.00,0.00
2020,3,8,21161,"Swift Air, LLC d/b/a Eastern Air Lines d/b/a Eastern",2,0.00,0.00,0.00,0.00,240516.00,240516.00,240516.00,0.00,0.00,0.00,0.00,462193.00,462193.00,462193.00
2020,3,8,21352,Avjet Corporation,1,0.00,0.00,0.00,0.00,0.00,0.00,0.00,0.00,0.00,0.00,0.00,0.00,0.00,0.00
2020,3,8,21492,"Eastern Airlines f/k/a Dynamic Airways, LLC",1,0.00,0.00,0.00,0.00,100109.00,100109.00,100109.00,0.00,0.00,0.00,0.00,170186.00,170186.00,170186.00
2020,3,8,21577,Rhoades Aviation dba Transair,1,0.00,0.00,0.00,0.00,218450.00,218450.00,218450.00,0.00,0.00,0.00,0.00,309151.00,309151.00,309151.00
2020,3,8,21629,Western Global,2,0.00,0.00,0.00,1459269.00,1914566.00,3373835.00,3373835.00,0.00,0.00,0.00,1727181.00,2000241.00,3727422.00,3727422.00
2020,3,8,21634,Aloha Air Cargo,2,0.00,266797.00,266797.00,0.00,0.00,0.00,266797.00,0.00,308858.00,308858.00,0.00,0.00,0.00,308858.00
2020,3,8,21652,"Jet Aviation Flight Services, Inc.",1,0.00,0.00,0.00,0.00,0.00,0.00,0.00,0.00,0.00,0.00,0.00,0.00,0.00,0.00
2020,3,8,21712,Elite Airways LLC,2,0.00,19950.00,19950.00,0.00,6899.00,6899.00,26849.00,0.00,41687.00,41687.00,0.00,22729.00,22729.00,64416.00
2020,3,8,21974,"Scott Aviation, LLC  d/b/a  Silver Air",1,0.00,0.00,0.00,0.00,0.00,0.00,0.00,0.00,0.00,0.00,0.00,0.00,0.00,0.00
2020,3,9,19393,Southwest Airlines Co.,3,0.00,88629268.00,88629268.00,0.00,287271.00,287271.00,88916539.00,0.00,105904182.00,105904182.00,0.00,336462.00,336462.00,106240644.00
2020,3,9,19687,Horizon Air,2,0.00,0.00,0.00,0.00,0.00,0.00,0.00,0.00,0.00,0.00,0.00,0.00,0.00,0.00
2020,3,9,19690,Hawaiian Airlines Inc.,3,0.00,3244751.00,3244751.00,0.00,0.00,0.00,3244751.00,0.00,3417453.00,3417453.00,0.00,0.00,0.00,3417453.00
2020,3,9,19790,Delta Air Lines Inc.,3,0.00,85059080.00,85059080.00,0.00,1073360.00,1073360.00,86132440.00,0.00,109182955.00,109182955.00,0.00,1377780.00,1377780.00,110560735.00
2020,3,9,19805,American Airlines Inc.,3,0.00,86331120.00,86331120.00,0.00,256700.00,256700.00,86587820.00,0.00,92902156.00,92902156.00,0.00,277603.00,277603.00,93179759.00
2020,3,9,19874,Air Transport International,2,0.00,0.00,0.00,0.00,150524.00,150524.00,150524.00,0.00,0.00,0.00,0.00,238152.00,238152.00,238152.00
2020,3,9,19917,United Parcel Service,3,0.00,49977000.00,49977000.00,0.00,0.00,0.00,49977000.00,0.00,55578000.00,55578000.00,0.00,0.00,0.00,55578000.00
2020,3,9,19930,Alaska Airlines Inc.,3,1319669.00,22538619.00,23858288.00,111373.00,0.00,111373.00,23969661.00,1456100.00,30765173.00,32221273.00,122887.00,0.00,122887.00,32344160.00
2020,3,9,19977,United Air Lines Inc.,3,0.00,44798415.00,44798415.00,0.00,1222779.00,1222779.00,46021194.00,0.00,50857143.00,50857143.00,0.00,1691409.00,1691409.00,52548552.00
2020,3,9,20007,Atlas Air Inc.,3,0.00,0.00,0.00,0.00,17519557.00,17519557.00,17519557.00,0.00,0.00,0.00,0.00,25520735.00,25520735.00,25520735.00
2020,3,9,20046,Air Wisconsin Airlines Corp,2,0.00,0.00,0.00,0.00,0.00,0.00,0.00,0.00,0.00,0.00,0.00,0.00,0.00,0.00
2020,3,9,20100,Polar Air Cargo Airways,3,0.00,1884484.00,1884484.00,0.00,0.00,0.00,1884484.00,0.00,2176640.00,2176640.00,0.00,0.00,0.00,2176640.00
2020,3,9,20107,Federal Express Corporation,3,0.00,59500824.00,59500824.00,1460.00,1661671.00,1663131.00,61163955.00,0.00,64779000.00,64779000.00,1000.00,1855000.00,1856000.00,66635000.00
2020,3,9,20108,Northern Air Cargo Inc.,1,283427.00,0.00,283427.00,39046.00,0.00,39046.00,322473.00,352893.00,0.00,352893.00,42013.00,0.00,42013.00,394906.00
2020,3,9,20151,Amerijet International,2,0.00,0.00,0.00,0.00,1726903.00,1726903.00,1726903.00,0.00,0.00,0.00,0.00,2322180.00,2322180.00,2322180.00
2020,3,9,20166,Gulf And Caribbean Cargo,1,0.00,0.00,0.00,0.00,48113.00,48113.00,48113.00,0.00,0.00,0.00,0.00,97487.00,97487.00,97487.00
2020,3,9,20169,Lynden Air Cargo Airlines,2,150563.00,0.00,150563.00,97540.00,34575.00,132115.00,282678.00,186845.00,0.00,186845.00,140796.00,87879.00,228675.00,415520.00
2020,3,9,20177,Asia Pacific,1,0.00,0.00,0.00,0.00,0.00,0.00,0.00,0.00,0.00,0.00,0.00,0.00,0.00,0.00
2020,3,9,20190,Southern Air Inc.,2,0.00,1793821.00,1793821.00,0.00,0.00,0.00,1793821.00,0.00,2376063.00,2376063.00,0.00,0.00,0.00,2376063.00
2020,3,9,20195,Sky Lease Cargo,2,0.00,0.00,0.00,0.00,0.00,0.00,0.00,0.00,0.00,0.00,0.00,0.00,0.00,0.00
2020,3,9,20304,SkyWest Airlines Inc.,3,0.00,5920635.00,5920635.00,0.00,0.00,0.00,5920635.00,0.00,8864786.00,8864786.00,0.00,0.00,0.00,8864786.00
2020,3,9,20310,"Caribbean Sun Airlines, Inc. d/b/a World Atlantic Airlines",1,0.00,0.00,0.00,0.00,20791.00,20791.00,20791.00,0.00,0.00,0.00,0.00,44007.00,44007.00,44007.00
2020,3,9,20363,Endeavor Air Inc.,2,0.00,0.00,0.00,0.00,0.00,0.00,0.00,0.00,0.00,0.00,0.00,0.00,0.00,0.00
2020,3,9,20366,ExpressJet Airlines LLC,2,0.00,0.00,0.00,0.00,0.00,0.00,0.00,0.00,0.00,0.00,0.00,0.00,0.00,0.00
2020,3,9,20368,Allegiant Air,3,0.00,8118548.00,8118548.00,0.00,372219.00,372219.00,8490767.00,0.00,10404755.00,10404755.00,0.00,546410.00,546410.00,10951165.00
2020,3,9,20370,Kalitta Air LLC,3,0.00,0.00,0.00,0.00,5365151.00,5365151.00,5365151.00,0.00,0.00,0.00,0.00,6218736.00,6218736.00,6218736.00
2020,3,9,20372,Kalitta Charters II,1,0.00,0.00,0.00,0.00,61350.00,61350.00,61350.00,0.00,0.00,0.00,0.00,98293.00,98293.00,98293.00
2020,3,9,20377,Omni Air International LLC,2,0.00,0.00,0.00,0.00,213460.00,213460.00,213460.00,0.00,0.00,0.00,0.00,413051.00,413051.00,413051.00
2020,3,9,20378,Mesa Airlines Inc.,2,0.00,0.00,0.00,0.00,0.00,0.00,0.00,0.00,0.00,0.00,0.00,0.00,0.00,0.00
2020,3,9,20397,PSA Airlines Inc.,2,0.00,0.00,0.00,0.00,0.00,0.00,0.00,0.00,0.00,0.00,0.00,0.00,0.00,0.00
2020,3,9,20398,Envoy Air,3,0.00,0.00,0.00,0.00,0.00,0.00,0.00,0.00,0.00,0.00,0.00,0.00,0.00,0.00
2020,3,9,20401,Silver Airways,1,0.00,125950.00,125950.00,0.00,0.00,0.00,125950.00,0.00,152764.00,152764.00,0.00,0.00,0.00,152764.00
2020,3,9,20405,National Air Cargo Group Inc d/ba National Airlines,2,0.00,0.00,0.00,0.00,1289439.00,1289439.00,1289439.00,0.00,0.00,0.00,0.00,1694653.00,1694653.00,1694653.00
2020,3,9,20408,Tatonduk Outfitters Limited d/b/a Everts Air Alaska and Everts Air Cargo,1,410383.00,0.00,410383.00,48131.00,95856.00,143987.00,554370.00,689738.00,0.00,689738.00,80895.00,161107.00,242002.00,931740.00
2020,3,9,20409,JetBlue Airways,3,0.00,16773124.00,16773124.00,0.00,12597.00,12597.00,16785721.00,0.00,20700238.00,20700238.00,0.00,14432.00,14432.00,20714670.00
2020,3,9,20416,Spirit Air Lines,3,0.00,16475219.00,16475219.00,0.00,0.00,0.00,16475219.00,0.00,21396527.00,21396527.00,0.00,0.00,0.00,21396527.00
2020,3,9,20422,Sun Country Airlines d/b/a MN Airlines,2,0.00,3115321.00,3115321.00,0.00,418878.00,418878.00,3534199.00,0.00,3767722.00,3767722.00,0.00,675973.00,675973.00,4443695.00
2020,3,9,20436,Frontier Airlines Inc.,3,0.00,11637463.00,11637463.00,0.00,0.00,0.00,11637463.00,0.00,12732944.00,12732944.00,0.00,0.00,0.00,12732944.00
2020,3,9,20447,USA Jet Airlines Inc.,2,0.00,0.00,0.00,0.00,602281.00,602281.00,602281.00,0.00,0.00,0.00,0.00,720547.00,720547.00,720547.00
2020,3,9,20452,Republic Airline,3,0.00,4833.00,4833.00,0.00,0.00,0.00,4833.00,0.00,6478.00,6478.00,0.00,0.00,0.00,6478.00
2020,3,9,20453,ABX Air Inc,2,0.00,115402.00,115402.00,0.00,0.00,0.00,115402.00,0.00,0.00,0.00,0.00,0.00,0.00,0.00
2020,3,9,20500,GoJet Airlines LLC d/b/a United Express,2,0.00,0.00,0.00,0.00,0.00,0.00,0.00,0.00,0.00,0.00,0.00,0.00,0.00,0.00
2020,3,9,21161,"Swift Air, LLC d/b/a Eastern Air Lines d/b/a Eastern",2,0.00,0.00,0.00,0.00,232879.00,232879.00,232879.00,0.00,0.00,0.00,0.00,413895.00,413895.00,413895.00
2020,3,9,21352,Avjet Corporation,1,0.00,0.00,0.00,0.00,0.00,0.00,0.00,0.00,0.00,0.00,0.00,0.00,0.00,0.00
2020,3,9,21492,"Eastern Airlines f/k/a Dynamic Airways, LLC",1,0.00,0.00,0.00,0.00,67685.00,67685.00,67685.00,0.00,0.00,0.00,0.00,106159.00,106159.00,106159.00
2020,3,9,21577,Rhoades Aviation dba Transair,1,0.00,0.00,0.00,0.00,153373.00,153373.00,153373.00,0.00,0.00,0.00,0.00,232371.00,232371.00,232371.00
2020,3,9,21629,Western Global,2,0.00,0.00,0.00,1844718.00,1709331.00,3554049.00,3554049.00,0.00,0.00,0.00,2213734.00,2224257.00,4437991.00,4437991.00
2020,3,9,21634,Aloha Air Cargo,2,0.00,281714.00,281714.00,0.00,0.00,0.00,281714.00,0.00,302164.00,302164.00,0.00,0.00,0.00,302164.00
2020,3,9,21652,"Jet Aviation Flight Services, Inc.",1,0.00,0.00,0.00,0.00,0.00,0.00,0.00,0.00,0.00,0.00,0.00,0.00,0.00,0.00
2020,3,9,21712,Elite Airways LLC,2,0.00,19378.00,19378.00,0.00,14716.00,14716.00,34094.00,0.00,38855.00,38855.00,0.00,46439.00,46439.00,85294.00
2020,3,9,21974,"Scott Aviation, LLC  d/b/a  Silver Air",1,0.00,0.00,0.00,0.00,0.00,0.00,0.00,0.00,0.00,0.00,0.00,0.00,0.00,0.00
2020,4,10,19393,Southwest Airlines Co.,3,0.00,90592430.00,90592430.00,0.00,283693.00,283693.00,90876123.00,0.00,98439408.00,98439408.00,0.00,342619.00,342619.00,98782027.00
2020,4,10,19687,Horizon Air,2,0.00,0.00,0.00,0.00,0.00,0.00,0.00,0.00,0.00,0.00,0.00,0.00,0.00,0.00
2020,4,10,19690,Hawaiian Airlines Inc.,3,0.00,3706082.00,3706082.00,0.00,0.00,0.00,3706082.00,0.00,4052169.00,4052169.00,0.00,0.00,0.00,4052169.00
2020,4,10,19790,Delta Air Lines Inc.,3,0.00,95727517.00,95727517.00,0.00,888544.00,888544.00,96616061.00,0.00,116351255.00,116351255.00,0.00,1079973.00,1079973.00,117431228.00
2020,4,10,19805,American Airlines Inc.,3,0.00,91584989.00,91584989.00,0.00,419878.00,419878.00,92004867.00,0.00,97730704.00,97730704.00,0.00,452175.00,452175.00,98182879.00
2020,4,10,19874,Air Transport International,2,0.00,0.00,0.00,0.00,88486.00,88486.00,88486.00,0.00,0.00,0.00,0.00,123717.00,123717.00,123717.00
2020,4,10,19917,United Parcel Service,3,0.00,52062000.00,52062000.00,0.00,0.00,0.00,52062000.00,0.00,58416000.00,58416000.00,0.00,0.00,0.00,58416000.00
2020,4,10,19930,Alaska Airlines Inc.,3,1291946.00,26319580.00,27611526.00,137167.00,0.00,137167.00,27748693.00,1445854.00,35080979.00,36526833.00,153508.00,0.00,153508.00,36680341.00
2020,4,10,19977,United Air Lines Inc.,3,0.00,60424302.00,60424302.00,0.00,1449399.00,1449399.00,61873701.00,0.00,67315390.00,67315390.00,0.00,1611659.00,1611659.00,68927049.00
2020,4,10,20007,Atlas Air Inc.,3,0.00,0.00,0.00,0.00,20073852.00,20073852.00,20073852.00,0.00,0.00,0.00,0.00,27313908.00,27313908.00,27313908.00
2020,4,10,20046,Air Wisconsin Airlines Corp,2,0.00,0.00,0.00,0.00,0.00,0.00,0.00,0.00,0.00,0.00,0.00,0.00,0.00,0.00
2020,4,10,20100,Polar Air Cargo Airways,3,0.00,1855358.00,1855358.00,0.00,0.00,0.00,1855358.00,0.00,2172415.00,2172415.00,0.00,0.00,0.00,2172415.00
2020,4,10,20107,Federal Express Corporation,3,0.00,62845829.00,62845829.00,10116.00,1531811.00,1541927.00,64387756.00,0.00,69516000.00,69516000.00,11000.00,1731000.00,1742000.00,71258000.00
2020,4,10,20108,Northern Air Cargo Inc.,1,386444.00,0.00,386444.00,33561.00,0.00,33561.00,420005.00,478421.00,0.00,478421.00,38901.00,0.00,38901.00,517322.00
2020,4,10,20151,Amerijet International,2,0.00,0.00,0.00,0.00,1826522.00,1826522.00,1826522.00,0.00,0.00,0.00,0.00,2454141.00,2454141.00,2454141.00
2020,4,10,20166,Gulf And Caribbean Cargo,1,0.00,0.00,0.00,0.00,56523.00,56523.00,56523.00,0.00,0.00,0.00,0.00,103269.00,103269.00,103269.00
2020,4,10,20169,Lynden Air Cargo Airlines,2,166350.00,0.00,166350.00,65974.00,71074.00,137048.00,303398.00,222780.00,0.00,222780.00,110570.00,130462.00,241032.00,463812.00
2020,4,10,20177,Asia Pacific,1,0.00,0.00,0.00,0.00,0.00,0.00,0.00,0.00,0.00,0.00,0.00,0.00,0.00,0.00
2020,4,10,20190,Southern Air Inc.,2,0.00,1740425.00,1740425.00,0.00,0.00,0.00,1740425.00,0.00,2305336.00,2305336.00,0.00,0.00,0.00,2305336.00
2020,4,10,20304,SkyWest Airlines Inc.,3,0.00,6728901.00,6728901.00,0.00,0.00,0.00,6728901.00,0.00,10104476.00,10104476.00,0.00,0.00,0.00,10104476.00
2020,4,10,20363,Endeavor Air Inc.,2,0.00,0.00,0.00,0.00,0.00,0.00,0.00,0.00,0.00,0.00,0.00,0.00,0.00,0.00
2020,4,10,20368,Allegiant Air,3,0.00,12210457.00,12210457.00,0.00,471329.00,471329.00,12681786.00,0.00,15661977.00,15661977.00,0.00,728911.00,728911.00,16390888.00
2020,4,10,20370,Kalitta Air LLC,3,0.00,0.00,0.00,0.00,5447521.00,5447521.00,5447521.00,0.00,0.00,0.00,0.00,6432469.00,6432469.00,6432469.00
2020,4,10,20372,Kalitta Charters II,1,0.00,0.00,0.00,0.00,127782.00,127782.00,127782.00,0.00,0.00,0.00,0.00,232336.00,232336.00,232336.00
2020,4,10,20377,Omni Air International LLC,2,0.00,0.00,0.00,0.00,83537.00,83537.00,83537.00,0.00,0.00,0.00,0.00,123161.00,123161.00,123161.00
2020,4,10,20378,Mesa Airlines Inc.,2,0.00,0.00,0.00,0.00,0.00,0.00,0.00,0.00,0.00,0.00,0.00,0.00,0.00,0.00
2020,4,10,20397,PSA Airlines Inc.,2,0.00,0.00,0.00,0.00,0.00,0.00,0.00,0.00,0.00,0.00,0.00,0.00,0.00,0.00
2020,4,10,20398,Envoy Air,3,0.00,0.00,0.00,0.00,0.00,0.00,0.00,0.00,0.00,0.00,0.00,0.00,0.00,0.00
2020,4,10,20401,Silver Airways,1,0.00,159200.00,159200.00,0.00,0.00,0.00,159200.00,0.00,191878.00,191878.00,0.00,0.00,0.00,191878.00
2020,4,10,20405,National Air Cargo Group Inc d/ba National Airlines,2,0.00,0.00,0.00,0.00,1625012.00,1625012.00,1625012.00,0.00,0.00,0.00,0.00,2060936.00,2060936.00,2060936.00
2020,4,10,20408,Tatonduk Outfitters Limited d/b/a Everts Air Alaska and Everts Air Cargo,1,377735.00,0.00,377735.00,35660.00,137054.00,172714.00,550449.00,676629.00,0.00,676629.00,63877.00,245502.00,309379.00,986008.00
2020,4,10,20409,JetBlue Airways,3,0.00,23129703.00,23129703.00,0.00,29418.00,29418.00,23159121.00,0.00,26919574.00,26919574.00,0.00,35853.00,35853.00,26955427.00
2020,4,10,20416,Spirit Air Lines,3,0.00,19280753.00,19280753.00,0.00,0.00,0.00,19280753.00,0.00,23360001.00,23360001.00,0.00,0.00,0.00,23360001.00
2020,4,10,20422,Sun Country Airlines d/b/a MN Airlines,2,0.00,3984707.00,3984707.00,0.00,1068023.00,1068023.00,5052730.00,0.00,4533337.00,4533337.00,0.00,1335044.00,1335044.00,5868381.00
2020,4,10,20436,Frontier Airlines Inc.,3,0.00,13720034.00,13720034.00,0.00,0.00,0.00,13720034.00,0.00,14859535.00,14859535.00,0.00,0.00,0.00,14859535.00
2020,4,10,20445,"Commutair Aka Champlain Enterprises, Inc.",2,0.00,0.00,0.00,0.00,0.00,0.00,0.00,0.00,0.00,0.00,0.00,0.00,0.00,0.00
2020,4,10,20447,USA Jet Airlines Inc.,2,0.00,0.00,0.00,0.00,822064.00,822064.00,822064.00,0.00,0.00,0.00,0.00,1007016.00,1007016.00,1007016.00
2020,4,10,20452,Republic Airline,3,0.00,13732.00,13732.00,0.00,0.00,0.00,13732.00,0.00,17838.00,17838.00,0.00,0.00,0.00,17838.00
2020,4,10,20453,ABX Air Inc,2,0.00,96191.00,96191.00,0.00,0.00,0.00,96191.00,0.00,0.00,0.00,0.00,0.00,0.00,0.00
2020,4,10,20500,GoJet Airlines LLC d/b/a United Express,2,0.00,0.00,0.00,0.00,0.00,0.00,0.00,0.00,0.00,0.00,0.00,0.00,0.00,0.00
2020,4,10,21161,"Swift Air, LLC d/b/a Eastern Air Lines d/b/a Eastern",2,0.00,0.00,0.00,0.00,296263.00,296263.00,296263.00,0.00,0.00,0.00,0.00,639741.00,639741.00,639741.00
2020,4,10,21352,Avjet Corporation,1,0.00,0.00,0.00,0.00,0.00,0.00,0.00,0.00,0.00,0.00,0.00,0.00,0.00,0.00
2020,4,10,21492,"Eastern Airlines f/k/a Dynamic Airways, LLC",1,0.00,0.00,0.00,10164.00,98835.00,108999.00,108999.00,0.00,0.00,0.00,15662.00,152301.00,167963.00,167963.00
2020,4,10,21577,Rhoades Aviation dba Transair,1,0.00,0.00,0.00,0.00,116116.00,116116.00,116116.00,0.00,0.00,0.00,0.00,286084.00,286084.00,286084.00
2020,4,10,21629,Western Global,2,0.00,0.00,0.00,1706512.00,1396133.00,3102645.00,3102645.00,0.00,0.00,0.00,2101500.00,1871286.00,3972786.00,3972786.00
2020,4,10,21634,Aloha Air Cargo,2,0.00,474313.00,474313.00,0.00,0.00,0.00,474313.00,0.00,585535.00,585535.00,0.00,0.00,0.00,585535.00
2020,4,10,21652,"Jet Aviation Flight Services, Inc.",1,0.00,0.00,0.00,0.00,0.00,0.00,0.00,0.00,0.00,0.00,0.00,0.00,0.00,0.00
2020,4,10,21712,Elite Airways LLC,2,0.00,34301.00,34301.00,0.00,10882.00,10882.00,45183.00,0.00,70149.00,70149.00,0.00,28067.00,28067.00,98216.00
2020,4,10,21974,"Scott Aviation, LLC  d/b/a  Silver Air",1,0.00,0.00,0.00,0.00,0.00,0.00,0.00,0.00,0.00,0.00,0.00,0.00,0.00,0.00
2020,4,10,21979,"Western Air Charter, Inc.  d/b/a  Jet Edge",1,0.00,0.00,0.00,0.00,746100.00,746100.00,746100.00,0.00,0.00,0.00,0.00,2424825.00,2424825.00,2424825.00
2020,4,11,19393,Southwest Airlines Co.,3,0.00,102233012.00,102233012.00,0.00,217225.00,217225.00,102450237.00,0.00,121060717.00,121060717.00,0.00,268188.00,268188.00,121328905.00
2020,4,11,19687,Horizon Air,2,0.00,0.00,0.00,0.00,0.00,0.00,0.00,0.00,0.00,0.00,0.00,0.00,0.00,0.00
2020,4,11,19690,Hawaiian Airlines Inc.,3,0.00,5668993.00,5668993.00,0.00,0.00,0.00,5668993.00,0.00,6737956.00,6737956.00,0.00,0.00,0.00,6737956.00
2020,4,11,19790,Delta Air Lines Inc.,3,0.00,101322169.00,101322169.00,0.00,988562.00,988562.00,102310731.00,0.00,123495309.00,123495309.00,0.00,1204897.00,1204897.00,124700206.00
2020,4,11,19805,American Airlines Inc.,3,0.00,91683795.00,91683795.00,0.00,230264.00,230264.00,91914059.00,0.00,103274684.00,103274684.00,0.00,263935.00,263935.00,103538619.00
2020,4,11,19874,Air Transport International,2,0.00,0.00,0.00,0.00,169047.00,169047.00,169047.00,0.00,0.00,0.00,0.00,299895.00,299895.00,299895.00
2020,4,11,19917,United Parcel Service,3,0.00,50722000.00,50722000.00,0.00,0.00,0.00,50722000.00,0.00,60436000.00,60436000.00,0.00,0.00,0.00,60436000.00
2020,4,11,19930,Alaska Airlines Inc.,3,1089753.00,27558074.00,28647827.00,123502.00,27804.00,151306.00,28799133.00,1255476.00,39952056.00,41207532.00,142283.00,33405.00,175688.00,41383220.00
2020,4,11,19977,United Air Lines Inc.,3,0.00,61853665.00,61853665.00,0.00,1242985.00,1242985.00,63096650.00,0.00,73065366.00,73065366.00,0.00,1662431.00,1662431.00,74727797.00
2020,4,11,20007,Atlas Air Inc.,3,0.00,0.00,0.00,0.00,18202681.00,18202681.00,18202681.00,0.00,0.00,0.00,0.00,25365802.00,25365802.00,25365802.00
2020,4,11,20046,Air Wisconsin Airlines Corp,2,0.00,0.00,0.00,0.00,0.00,0.00,0.00,0.00,0.00,0.00,0.00,0.00,0.00,0.00
2020,4,11,20100,Polar Air Cargo Airways,3,0.00,2149003.00,2149003.00,0.00,0.00,0.00,2149003.00,0.00,2623536.00,2623536.00,0.00,0.00,0.00,2623536.00
2020,4,11,20107,Federal Express Corporation,3,0.00,57908388.00,57908388.00,803.00,2059192.00,2059995.00,59968383.00,0.00,68092000.00,68092000.00,850.00,2431000.00,2431850.00,70523850.00
2020,4,11,20108,Northern Air Cargo Inc.,1,271709.00,0.00,271709.00,34919.00,1901.00,36820.00,308529.00,379867.00,0.00,379867.00,44795.00,2476.00,47271.00,427138.00
2020,4,11,20151,Amerijet International,2,0.00,0.00,0.00,0.00,2217563.00,2217563.00,2217563.00,0.00,0.00,0.00,0.00,3131979.00,3131979.00,3131979.00
2020,4,11,20166,Gulf And Caribbean Cargo,1,0.00,0.00,0.00,0.00,79347.00,79347.00,79347.00,0.00,0.00,0.00,0.00,141301.00,141301.00,141301.00
2020,4,11,20169,Lynden Air Cargo Airlines,2,143026.00,0.00,143026.00,113783.00,115902.00,229685.00,372711.00,211394.00,0.00,211394.00,177575.00,204322.00,381897.00,593291.00
2020,4,11,20177,Asia Pacific,1,0.00,0.00,0.00,0.00,0.00,0.00,0.00,0.00,0.00,0.00,0.00,0.00,0.00,0.00
2020,4,11,20190,Southern Air Inc.,2,0.00,2230743.00,2230743.00,0.00,0.00,0.00,2230743.00,0.00,2938896.00,2938896.00,0.00,0.00,0.00,2938896.00
2020,4,11,20195,Sky Lease Cargo,2,0.00,0.00,0.00,0.00,0.00,0.00,0.00,0.00,0.00,0.00,0.00,0.00,0.00,0.00
2020,4,11,20304,SkyWest Airlines Inc.,3,0.00,6769123.00,6769123.00,0.00,0.00,0.00,6769123.00,0.00,10915754.00,10915754.00,0.00,0.00,0.00,10915754.00
2020,4,11,20363,Endeavor Air Inc.,2,0.00,0.00,0.00,0.00,0.00,0.00,0.00,0.00,0.00,0.00,0.00,0.00,0.00,0.00
2020,4,11,20368,Allegiant Air,3,0.00,11760313.00,11760313.00,0.00,378761.00,378761.00,12139074.00,0.00,15957857.00,15957857.00,0.00,606371.00,606371.00,16564228.00
2020,4,11,20370,Kalitta Air LLC,3,0.00,0.00,0.00,0.00,8138955.00,8138955.00,8138955.00,0.00,0.00,0.00,0.00,10000397.00,10000397.00,10000397.00
2020,4,11,20372,Kalitta Charters II,1,0.00,0.00,0.00,0.00,26086.00,26086.00,26086.00,0.00,0.00,0.00,0.00,45965.00,45965.00,45965.00
2020,4,11,20377,Omni Air International LLC,2,0.00,0.00,0.00,0.00,28226.00,28226.00,28226.00,0.00,0.00,0.00,0.00,59636.00,59636.00,59636.00
2020,4,11,20378,Mesa Airlines Inc.,2,0.00,0.00,0.00,0.00,0.00,0.00,0.00,0.00,0.00,0.00,0.00,0.00,0.00,0.00
2020,4,11,20397,PSA Airlines Inc.,2,0.00,0.00,0.00,0.00,0.00,0.00,0.00,0.00,0.00,0.00,0.00,0.00,0.00,0.00
2020,4,11,20398,Envoy Air,3,0.00,0.00,0.00,0.00,0.00,0.00,0.00,0.00,0.00,0.00,0.00,0.00,0.00,0.00
2020,4,11,20401,Silver Airways,1,0.00,103150.00,103150.00,0.00,0.00,0.00,103150.00,0.00,126891.00,126891.00,0.00,0.00,0.00,126891.00
2020,4,11,20405,National Air Cargo Group Inc d/ba National Airlines,2,0.00,0.00,0.00,0.00,2355825.00,2355825.00,2355825.00,0.00,0.00,0.00,0.00,3078719.00,3078719.00,3078719.00
2020,4,11,20408,Tatonduk Outfitters Limited d/b/a Everts Air Alaska and Everts Air Cargo,1,336200.00,0.00,336200.00,23309.00,129770.00,153079.00,489279.00,634644.00,0.00,634644.00,44000.00,244967.00,288967.00,923611.00
2020,4,11,20409,JetBlue Airways,3,0.00,26335760.00,26335760.00,0.00,26284.00,26284.00,26362044.00,0.00,33015367.00,33015367.00,0.00,32000.00,32000.00,33047367.00
2020,4,11,20416,Spirit Air Lines,3,0.00,24979887.00,24979887.00,0.00,0.00,0.00,24979887.00,0.00,32342417.00,32342417.00,0.00,0.00,0.00,32342417.00
2020,4,11,20422,Sun Country Airlines d/b/a MN Airlines,2,0.00,4718673.00,4718673.00,0.00,831736.00,831736.00,5550409.00,0.00,6370387.00,6370387.00,0.00,1286647.00,1286647.00,7657034.00
2020,4,11,20436,Frontier Airlines Inc.,3,0.00,12441472.00,12441472.00,0.00,0.00,0.00,12441472.00,0.00,14218392.00,14218392.00,0.00,0.00,0.00,14218392.00
2020,4,11,20445,"Commutair Aka Champlain Enterprises, Inc.",2,0.00,0.00,0.00,0.00,0.00,0.00,0.00,0.00,0.00,0.00,0.00,0.00,0.00,0.00
2020,4,11,20447,USA Jet Airlines Inc.,2,0.00,0.00,0.00,0.00,714337.00,714337.00,714337.00,0.00,0.00,0.00,0.00,876916.00,876916.00,876916.00
2020,4,11,20452,Republic Airline,3,0.00,7911.00,7911.00,0.00,0.00,0.00,7911.00,0.00,10500.00,10500.00,0.00,0.00,0.00,10500.00
2020,4,11,20453,ABX Air Inc,2,0.00,107040.00,107040.00,0.00,0.00,0.00,107040.00,0.00,0.00,0.00,0.00,0.00,0.00,0.00
2020,4,11,20500,GoJet Airlines LLC d/b/a United Express,2,0.00,0.00,0.00,0.00,0.00,0.00,0.00,0.00,0.00,0.00,0.00,0.00,0.00,0.00
2020,4,11,21161,"Swift Air, LLC d/b/a Eastern Air Lines d/b/a Eastern",2,0.00,0.00,0.00,0.00,270419.00,270419.00,270419.00,0.00,0.00,0.00,0.00,581680.00,581680.00,581680.00
2020,4,11,21352,Avjet Corporation,1,0.00,0.00,0.00,0.00,0.00,0.00,0.00,0.00,0.00,0.00,0.00,0.00,0.00,0.00
2020,4,11,21492,"Eastern Airlines f/k/a Dynamic Airways, LLC",1,0.00,10330.00,10330.00,0.00,101319.00,101319.00,111649.00,0.00,16626.00,16626.00,0.00,163077.00,163077.00,179703.00
2020,4,11,21577,Rhoades Aviation dba Transair,1,0.00,0.00,0.00,0.00,141185.00,141185.00,141185.00,0.00,0.00,0.00,0.00,351160.00,351160.00,351160.00
2020,4,11,21629,Western Global,2,0.00,0.00,0.00,1822011.00,1514118.00,3336129.00,3336129.00,0.00,0.00,0.00,2274367.00,2317656.00,4592023.00,4592023.00
2020,4,11,21634,Aloha Air Cargo,2,0.00,570782.00,570782.00,0.00,0.00,0.00,570782.00,0.00,723545.00,723545.00,0.00,0.00,0.00,723545.00
2020,4,11,21652,"Jet Aviation Flight Services, Inc.",1,0.00,0.00,0.00,0.00,0.00,0.00,0.00,0.00,0.00,0.00,0.00,0.00,0.00,0.00
2020,4,11,21712,Elite Airways LLC,2,0.00,33591.00,33591.00,0.00,36862.00,36862.00,70453.00,0.00,72498.00,72498.00,0.00,105649.00,105649.00,178147.00
2020,4,11,21974,"Scott Aviation, LLC  d/b/a  Silver Air",1,0.00,0.00,0.00,0.00,0.00,0.00,0.00,0.00,0.00,0.00,0.00,0.00,0.00,0.00
2020,4,11,21979,"Western Air Charter, Inc.  d/b/a  Jet Edge",1,0.00,0.00,0.00,0.00,774000.00,774000.00,774000.00,0.00,0.00,0.00,0.00,2515500.00,2515500.00,2515500.00
2020,4,12,19393,Southwest Airlines Co.,3,0.00,94512485.00,94512485.00,0.00,120988.00,120988.00,94633473.00,0.00,128651836.00,128651836.00,0.00,181331.00,181331.00,128833167.00
2020,4,12,19687,Horizon Air,2,0.00,0.00,0.00,0.00,0.00,0.00,0.00,0.00,0.00,0.00,0.00,0.00,0.00,0.00
2020,4,12,19690,Hawaiian Airlines Inc.,3,0.00,7871508.00,7871508.00,0.00,0.00,0.00,7871508.00,0.00,10653313.00,10653313.00,0.00,0.00,0.00,10653313.00
2020,4,12,19790,Delta Air Lines Inc.,3,0.00,107189682.00,107189682.00,0.00,874790.00,874790.00,108064472.00,0.00,205251098.00,205251098.00,0.00,1675082.00,1675082.00,206926180.00
2020,4,12,19805,American Airlines Inc.,3,0.00,96268102.00,96268102.00,0.00,337922.00,337922.00,96606024.00,0.00,125088456.00,125088456.00,0.00,436575.00,436575.00,125525031.00
2020,4,12,19874,Air Transport International,2,0.00,0.00,0.00,0.00,124783.00,124783.00,124783.00,0.00,0.00,0.00,0.00,193790.00,193790.00,193790.00
2020,4,12,19917,United Parcel Service,3,0.00,72361000.00,72361000.00,0.00,0.00,0.00,72361000.00,0.00,100960000.00,100960000.00,0.00,0.00,0.00,100960000.00
2020,4,12,19930,Alaska Airlines Inc.,3,1107989.00,29286952.00,30394941.00,133813.00,53900.00,187713.00,30582654.00,1453104.00,47733228.00,49186332.00,175493.00,72001.00,247494.00,49433826.00
2020,4,12,19977,United Air Lines Inc.,3,0.00,66612046.00,66612046.00,0.00,994186.00,994186.00,67606232.00,0.00,89407156.00,89407156.00,0.00,1360001.00,1360001.00,90767157.00
2020,4,12,20007,Atlas Air Inc.,3,0.00,0.00,0.00,0.00,19435329.00,19435329.00,19435329.00,0.00,0.00,0.00,0.00,28789679.00,28789679.00,28789679.00
2020,4,12,20046,Air Wisconsin Airlines Corp,2,0.00,0.00,0.00,0.00,0.00,0.00,0.00,0.00,0.00,0.00,0.00,0.00,0.00,0.00
2020,4,12,20100,Polar Air Cargo Airways,3,0.00,2167256.00,2167256.00,0.00,0.00,0.00,2167256.00,0.00,3044812.00,3044812.00,0.00,0.00,0.00,3044812.00
2020,4,12,20107,Federal Express Corporation,3,0.00,75559282.00,75559282.00,18427.00,2310458.00,2328885.00,77888167.00,0.00,102519000.00,102519000.00,13000.00,3200000.00,3213000.00,105732000.00
2020,4,12,20108,Northern Air Cargo Inc.,1,339789.00,0.00,339789.00,37211.00,0.00,37211.00,377000.00,514578.00,0.00,514578.00,47655.00,0.00,47655.00,562233.00
2020,4,12,20151,Amerijet International,2,0.00,0.00,0.00,0.00,1658164.00,1658164.00,1658164.00,0.00,0.00,0.00,0.00,2780172.00,2780172.00,2780172.00
2020,4,12,20166,Gulf And Caribbean Cargo,1,0.00,0.00,0.00,0.00,63213.00,63213.00,63213.00,0.00,0.00,0.00,0.00,132010.00,132010.00,132010.00
2020,4,12,20169,Lynden Air Cargo Airlines,2,161930.00,0.00,161930.00,105788.00,9018.00,114806.00,276736.00,263236.00,0.00,263236.00,192846.00,21347.00,214193.00,477429.00
2020,4,12,20177,Asia Pacific,1,0.00,0.00,0.00,0.00,0.00,0.00,0.00,0.00,0.00,0.00,0.00,0.00,0.00,0.00
2020,4,12,20190,Southern Air Inc.,2,0.00,2317292.00,2317292.00,0.00,0.00,0.00,2317292.00,0.00,3391483.00,3391483.00,0.00,0.00,0.00,3391483.00
2020,4,12,20195,Sky Lease Cargo,2,0.00,0.00,0.00,0.00,0.00,0.00,0.00,0.00,0.00,0.00,0.00,0.00,0.00,0.00
2020,4,12,20304,SkyWest Airlines Inc.,3,0.00,7227591.00,7227591.00,0.00,0.00,0.00,7227591.00,0.00,12892257.00,12892257.00,0.00,0.00,0.00,12892257.00
2020,4,12,20310,"Caribbean Sun Airlines, Inc. d/b/a World Atlantic Airlines",1,0.00,0.00,0.00,0.00,17194.00,17194.00,17194.00,0.00,0.00,0.00,0.00,42547.00,42547.00,42547.00
2020,4,12,20363,Endeavor Air Inc.,2,0.00,0.00,0.00,0.00,0.00,0.00,0.00,0.00,0.00,0.00,0.00,0.00,0.00,0.00
2020,4,12,20368,Allegiant Air,3,0.00,12475259.00,12475259.00,0.00,253269.00,253269.00,12728528.00,0.00,19402644.00,19402644.00,0.00,411879.00,411879.00,19814523.00
2020,4,12,20370,Kalitta Air LLC,3,0.00,0.00,0.00,0.00,7801265.00,7801265.00,7801265.00,0.00,0.00,0.00,0.00,10838843.00,10838843.00,10838843.00
2020,4,12,20372,Kalitta Charters II,1,0.00,0.00,0.00,0.00,28126.00,28126.00,28126.00,0.00,0.00,0.00,0.00,55795.00,55795.00,55795.00
2020,4,12,20377,Omni Air International LLC,2,0.00,0.00,0.00,0.00,106576.00,106576.00,106576.00,0.00,0.00,0.00,0.00,272846.00,272846.00,272846.00
2020,4,12,20378,Mesa Airlines Inc.,2,0.00,0.00,0.00,0.00,0.00,0.00,0.00,0.00,0.00,0.00,0.00,0.00,0.00,0.00
2020,4,12,20397,PSA Airlines Inc.,2,0.00,0.00,0.00,0.00,0.00,0.00,0.00,0.00,0.00,0.00,0.00,0.00,0.00,0.00
2020,4,12,20398,Envoy Air,3,0.00,0.00,0.00,0.00,0.00,0.00,0.00,0.00,0.00,0.00,0.00,0.00,0.00,0.00
2020,4,12,20401,Silver Airways,1,0.00,194814.00,194814.00,0.00,0.00,0.00,194814.00,0.00,280930.00,280930.00,0.00,0.00,0.00,280930.00
2020,4,12,20405,National Air Cargo Group Inc d/ba National Airlines,2,0.00,0.00,0.00,0.00,2348447.00,2348447.00,2348447.00,0.00,0.00,0.00,0.00,3303621.00,3303621.00,3303621.00
2020,4,12,20408,Tatonduk Outfitters Limited d/b/a Everts Air Alaska and Everts Air Cargo,1,365567.00,0.00,365567.00,14586.00,169845.00,184431.00,549998.00,698840.00,0.00,698840.00,27883.00,324686.00,352569.00,1051409.00
2020,4,12,20409,JetBlue Airways,3,0.00,26781832.00,26781832.00,0.00,83836.00,83836.00,26865668.00,0.00,39202939.00,39202939.00,0.00,122627.00,122627.00,39325566.00
2020,4,12,20416,Spirit Air Lines,3,0.00,25336866.00,25336866.00,0.00,0.00,0.00,25336866.00,0.00,36411947.00,36411947.00,0.00,0.00,0.00,36411947.00
2020,4,12,20422,Sun Country Airlines d/b/a MN Airlines,2,0.00,4890690.00,4890690.00,0.00,652313.00,652313.00,5543003.00,0.00,7329913.00,7329913.00,0.00,1180978.00,1180978.00,8510891.00
2020,4,12,20436,Frontier Airlines Inc.,3,0.00,12635647.00,12635647.00,0.00,0.00,0.00,12635647.00,0.00,16561429.00,16561429.00,0.00,0.00,0.00,16561429.00
2020,4,12,20445,"Commutair Aka Champlain Enterprises, Inc.",2,0.00,0.00,0.00,0.00,0.00,0.00,0.00,0.00,0.00,0.00,0.00,0.00,0.00,0.00
2020,4,12,20447,USA Jet Airlines Inc.,2,0.00,0.00,0.00,0.00,670865.00,670865.00,670865.00,0.00,0.00,0.00,0.00,965611.00,965611.00,965611.00
2020,4,12,20452,Republic Airline,3,0.00,65939.00,65939.00,0.00,0.00,0.00,65939.00,0.00,116186.00,116186.00,0.00,0.00,0.00,116186.00
2020,4,12,20453,ABX Air Inc,2,0.00,97721.00,97721.00,0.00,0.00,0.00,97721.00,0.00,0.00,0.00,0.00,0.00,0.00,0.00
2020,4,12,20500,GoJet Airlines LLC d/b/a United Express,2,0.00,0.00,0.00,0.00,0.00,0.00,0.00,0.00,0.00,0.00,0.00,0.00,0.00,0.00
2020,4,12,21161,"Swift Air, LLC d/b/a Eastern Air Lines d/b/a Eastern",2,0.00,0.00,0.00,0.00,350054.00,350054.00,350054.00,0.00,0.00,0.00,0.00,646229.00,646229.00,646229.00
2020,4,12,21352,Avjet Corporation,1,0.00,0.00,0.00,0.00,0.00,0.00,0.00,0.00,0.00,0.00,0.00,0.00,0.00,0.00
2020,4,12,21492,"Eastern Airlines f/k/a Dynamic Airways, LLC",1,0.00,0.00,0.00,0.00,159922.00,159922.00,159922.00,0.00,0.00,0.00,0.00,282975.00,282975.00,282975.00
2020,4,12,21577,Rhoades Aviation dba Transair,1,0.00,0.00,0.00,0.00,346944.00,346944.00,346944.00,0.00,0.00,0.00,0.00,595752.00,595752.00,595752.00
2020,4,12,21629,Western Global,2,0.00,0.00,0.00,663521.00,786196.00,1449717.00,1449717.00,0.00,0.00,0.00,976942.00,1172703.00,2149645.00,2149645.00
2020,4,12,21634,Aloha Air Cargo,2,0.00,784874.00,784874.00,0.00,0.00,0.00,784874.00,0.00,1098636.00,1098636.00,0.00,0.00,0.00,1098636.00
2020,4,12,21652,"Jet Aviation Flight Services, Inc.",1,0.00,0.00,0.00,0.00,0.00,0.00,0.00,0.00,0.00,0.00,0.00,0.00,0.00,0.00
2020,4,12,21712,Elite Airways LLC,2,0.00,43230.00,43230.00,0.00,22400.00,22400.00,65630.00,0.00,102853.00,102853.00,0.00,77538.00,77538.00,180391.00
2020,4,12,21974,"Scott Aviation, LLC  d/b/a  Silver Air",1,0.00,0.00,0.00,0.00,0.00,0.00,0.00,0.00,0.00,0.00,0.00,0.00,0.00,0.00
2020,4,12,21979,"Western Air Charter, Inc.  d/b/a  Jet Edge",1,0.00,0.00,0.00,0.00,774900.00,774900.00,774900.00,0.00,0.00,0.00,0.00,2502927.00,2502927.00,2502927.00
